x,y,z
ACUTE,ACUTE,AGCGUGTGEG
ACUTE,ADAGE,AGC_U_T_EG
ACUTE,ADAPT,AGC_U_TYE_
ACUTE,ADIEU,AGC_UYT_EY
ACUTE,ADIOS,AGC_U_T_E_
ACUTE,ADMAN,AGC_U_T_E_
ACUTE,ADMEN,AGC_U_T_EY
ACUTE,ADMIN,AGC_U_T_E_
ACUTE,ADMIT,AGC_U_TYE_
ACUTE,ADMIX,AGC_U_T_E_
ACUTE,ADOBE,AGC_U_T_EG
ACUTE,ADOBO,AGC_U_T_E_
ACUTE,ABODO,AGC_U_T_E_
ACUTE,ADDED,AGC_U_T_EY
ACUTE,ADOPT,AGC_U_TYE_
ACUTE,ADORE,AGC_U_T_EG
ACUTE,AXIOM,AGC_U_T_E_
ACUTE,BAYES,AYC_U_T_EY
ACUTE,BERRY,A_C_U_T_EY
ACUTE,BIKED,A_C_U_T_EY
ACUTE,BLUES,A_C_UGT_EY
ACUTE,BOGEY,A_C_U_T_EY
ACUTE,BOINK,A_C_U_T_E_
ACUTE,CERTS,A_CYU_TGEY
ACUTE,CHINE,A_CYU_T_EG
ACUTE,CINES,A_CYU_T_EY
ACUTE,CIPPI,A_CYU_T_E_
ACUTE,COMBO,A_CYU_T_E_
ACUTE,COMET,A_CYU_TYEY
ACUTE,CONFS,A_CYU_T_E_
ACUTE,CORMS,A_CYU_T_E_
ACUTE,COVES,A_CYU_T_EY
ACUTE,CREDO,A_CYU_T_EY
ACUTE,CRUMP,A_CYUGT_E_
ACUTE,CURRY,A_CYUYT_E_
ACUTE,DAMPY,AYC_U_T_E_
ACUTE,DEELY,A_C_U_T_EY
ACUTE,DERRY,A_C_U_T_EY
ACUTE,DIFFS,A_C_U_T_E_
ACUTE,DILLY,A_C_U_T_E_
ACUTE,DINED,A_C_U_T_EY
ACUTE,DOUMS,A_C_UGT_E_
ACUTE,DRAIL,AYC_U_T_E_
ACUTE,DRAYS,AYC_U_T_E_
ACUTE,DROIT,A_C_U_TYE_
ACUTE,EBONS,A_C_U_T_EY
ACUTE,ELANS,AYC_U_T_EY
ACUTE,ELPEE,A_C_U_T_EG
ACUTE,EMAIL,AYC_U_T_EY
ACUTE,EMITS,A_C_U_TGEY
ADAGE,ACUTE,AGD_A_G_EG
ADAGE,ADAGE,AGDGAGGGEG
ADAGE,ADAPT,AGDGAGG_E_
ADAGE,ADIEU,AGDGA_G_EY
ADAGE,ADIOS,AGDGA_G_E_
ADAGE,ADMAN,AGDGAYG_E_
ADAGE,ADMEN,AGDGA_G_EY
ADAGE,ADMIN,AGDGA_G_E_
ADAGE,ADMIT,AGDGA_G_E_
ADAGE,ADMIX,AGDGA_G_E_
ADAGE,ADOBE,AGDGA_G_EG
ADAGE,ADOBO,AGDGA_G_E_
ADAGE,ABODO,AGDYA_G_E_
ADAGE,ADDED,AGDGA_G_EY
ADAGE,ADOPT,AGDGA_G_E_
ADAGE,ADORE,AGDGA_G_EG
ADAGE,AXIOM,AGD_A_G_E_
ADAGE,BAYES,AYD_A_G_EY
ADAGE,BERRY,A_D_A_G_EY
ADAGE,BIKED,A_DYA_G_EY
ADAGE,BLUES,A_D_A_G_EY
ADAGE,BOGEY,A_D_A_GYEY
ADAGE,BOINK,A_D_A_G_E_
ADAGE,CERTS,A_D_A_G_EY
ADAGE,CHINE,A_D_A_G_EG
ADAGE,CINES,A_D_A_G_EY
ADAGE,CIPPI,A_D_A_G_E_
ADAGE,COMBO,A_D_A_G_E_
ADAGE,COMET,A_D_A_G_EY
ADAGE,CONFS,A_D_A_G_E_
ADAGE,CORMS,A_D_A_G_E_
ADAGE,COVES,A_D_A_G_EY
ADAGE,CREDO,A_DYA_G_EY
ADAGE,CRUMP,A_D_A_G_E_
ADAGE,CURRY,A_D_A_G_E_
ADAGE,DAMPY,AYDYA_G_E_
ADAGE,DEELY,A_DYA_G_EY
ADAGE,DERRY,A_DYA_G_EY
ADAGE,DIFFS,A_DYA_G_E_
ADAGE,DILLY,A_DYA_G_E_
ADAGE,DINED,A_DYA_G_EY
ADAGE,DOUMS,A_DYA_G_E_
ADAGE,DRAIL,A_DYAGG_E_
ADAGE,DRAYS,A_DYAGG_E_
ADAGE,DROIT,A_DYA_G_E_
ADAGE,EBONS,A_D_A_G_EY
ADAGE,ELANS,A_D_AGG_EY
ADAGE,ELPEE,A_D_A_G_EG
ADAGE,EMAIL,A_D_AGG_EY
ADAGE,EMITS,A_D_A_G_EY
ADAPT,ACUTE,AGD_A_P_TY
ADAPT,ADAGE,AGDGAGP_T_
ADAPT,ADAPT,AGDGAGPGTG
ADAPT,ADIEU,AGDGA_P_T_
ADAPT,ADIOS,AGDGA_P_T_
ADAPT,ADMAN,AGDGAYP_T_
ADAPT,ADMEN,AGDGA_P_T_
ADAPT,ADMIN,AGDGA_P_T_
ADAPT,ADMIT,AGDGA_P_TG
ADAPT,ADMIX,AGDGA_P_T_
ADAPT,ADOBE,AGDGA_P_T_
ADAPT,ADOBO,AGDGA_P_T_
ADAPT,ABODO,AGDYA_P_T_
ADAPT,ADDED,AGDGA_P_T_
ADAPT,ADOPT,AGDGA_PGTG
ADAPT,ADORE,AGDGA_P_T_
ADAPT,AXIOM,AGD_A_P_T_
ADAPT,BAYES,AYD_A_P_T_
ADAPT,BERRY,A_D_A_P_T_
ADAPT,BIKED,A_DYA_P_T_
ADAPT,BLUES,A_D_A_P_T_
ADAPT,BOGEY,A_D_A_P_T_
ADAPT,BOINK,A_D_A_P_T_
ADAPT,CERTS,A_D_A_P_TY
ADAPT,CHINE,A_D_A_P_T_
ADAPT,CINES,A_D_A_P_T_
ADAPT,CIPPI,A_D_A_PGT_
ADAPT,COMBO,A_D_A_P_T_
ADAPT,COMET,A_D_A_P_TG
ADAPT,CONFS,A_D_A_P_T_
ADAPT,CORMS,A_D_A_P_T_
ADAPT,COVES,A_D_A_P_T_
ADAPT,CREDO,A_DYA_P_T_
ADAPT,CRUMP,A_D_A_PYT_
ADAPT,CURRY,A_D_A_P_T_
ADAPT,DAMPY,AYDYA_PGT_
ADAPT,DEELY,A_DYA_P_T_
ADAPT,DERRY,A_DYA_P_T_
ADAPT,DIFFS,A_DYA_P_T_
ADAPT,DILLY,A_DYA_P_T_
ADAPT,DINED,A_DYA_P_T_
ADAPT,DOUMS,A_DYA_P_T_
ADAPT,DRAIL,A_DYAGP_T_
ADAPT,DRAYS,A_DYAGP_T_
ADAPT,DROIT,A_DYA_P_TG
ADAPT,EBONS,A_D_A_P_T_
ADAPT,ELANS,A_D_AGP_T_
ADAPT,ELPEE,A_D_A_PYT_
ADAPT,EMAIL,A_D_AGP_T_
ADAPT,EMITS,A_D_A_P_TY
ADIEU,ACUTE,AGD_I_EYUY
ADIEU,ADAGE,AGDGI_EYU_
ADIEU,ADAPT,AGDGI_E_U_
ADIEU,ADIEU,AGDGIGEGUG
ADIEU,ADIOS,AGDGIGE_U_
ADIEU,ADMAN,AGDGI_E_U_
ADIEU,ADMEN,AGDGI_EGU_
ADIEU,ADMIN,AGDGIYE_U_
ADIEU,ADMIT,AGDGIYE_U_
ADIEU,ADMIX,AGDGIYE_U_
ADIEU,ADOBE,AGDGI_EYU_
ADIEU,ADOBO,AGDGI_E_U_
ADIEU,ABODO,AGDYI_E_U_
ADIEU,ADDED,AGDGI_EGU_
ADIEU,ADOPT,AGDGI_E_U_
ADIEU,ADORE,AGDGI_EYU_
ADIEU,AXIOM,AGD_IGE_U_
ADIEU,BAYES,AYD_I_EGU_
ADIEU,BERRY,A_D_I_EYU_
ADIEU,BIKED,A_DYIYEGU_
ADIEU,BLUES,A_D_I_EGUY
ADIEU,BOGEY,A_D_I_EGU_
ADIEU,BOINK,A_D_IGE_U_
ADIEU,CERTS,A_D_I_EYU_
ADIEU,CHINE,A_D_IGEYU_
ADIEU,CINES,A_D_IYEGU_
ADIEU,CIPPI,A_D_IYE_U_
ADIEU,COMBO,A_D_I_E_U_
ADIEU,COMET,A_D_I_EGU_
ADIEU,CONFS,A_D_I_E_U_
ADIEU,CORMS,A_D_I_E_U_
ADIEU,COVES,A_D_I_EGU_
ADIEU,CREDO,A_DYI_EYU_
ADIEU,CRUMP,A_D_I_E_UY
ADIEU,CURRY,A_D_I_E_UY
ADIEU,DAMPY,AYDYI_E_U_
ADIEU,DEELY,A_DYI_EYU_
ADIEU,DERRY,A_DYI_EYU_
ADIEU,DIFFS,A_DYIYE_U_
ADIEU,DILLY,A_DYIYE_U_
ADIEU,DINED,A_DYIYEGU_
ADIEU,DOUMS,A_DYI_E_UY
ADIEU,DRAIL,AYDYIYE_U_
ADIEU,DRAYS,AYDYI_E_U_
ADIEU,DROIT,A_DYIYE_U_
ADIEU,EBONS,A_D_I_EYU_
ADIEU,ELANS,AYD_I_EYU_
ADIEU,ELPEE,A_D_I_EGU_
ADIEU,EMAIL,AYD_IYEYU_
ADIEU,EMITS,A_D_IGEYU_
ADIOS,ACUTE,AGD_I_O_S_
ADIOS,ADAGE,AGDGI_O_S_
ADIOS,ADAPT,AGDGI_O_S_
ADIOS,ADIEU,AGDGIGO_S_
ADIOS,ADIOS,AGDGIGOGSG
ADIOS,ADMAN,AGDGI_O_S_
ADIOS,ADMEN,AGDGI_O_S_
ADIOS,ADMIN,AGDGIYO_S_
ADIOS,ADMIT,AGDGIYO_S_
ADIOS,ADMIX,AGDGIYO_S_
ADIOS,ADOBE,AGDGI_OYS_
ADIOS,ADOBO,AGDGI_OYS_
ADIOS,ABODO,AGDYI_OYS_
ADIOS,ADDED,AGDGI_O_S_
ADIOS,ADOPT,AGDGI_OYS_
ADIOS,ADORE,AGDGI_OYS_
ADIOS,AXIOM,AGD_IGOGS_
ADIOS,BAYES,AYD_I_O_SG
ADIOS,BERRY,A_D_I_O_S_
ADIOS,BIKED,A_DYIYO_S_
ADIOS,BLUES,A_D_I_O_SG
ADIOS,BOGEY,A_D_I_OYS_
ADIOS,BOINK,A_D_IGOYS_
ADIOS,CERTS,A_D_I_O_SG
ADIOS,CHINE,A_D_IGO_S_
ADIOS,CINES,A_D_IYO_SG
ADIOS,CIPPI,A_D_IYO_S_
ADIOS,COMBO,A_D_I_OYS_
ADIOS,COMET,A_D_I_OYS_
ADIOS,CONFS,A_D_I_OYSG
ADIOS,CORMS,A_D_I_OYSG
ADIOS,COVES,A_D_I_OYSG
ADIOS,CREDO,A_DYI_OYS_
ADIOS,CRUMP,A_D_I_O_S_
ADIOS,CURRY,A_D_I_O_S_
ADIOS,DAMPY,AYDYI_O_S_
ADIOS,DEELY,A_DYI_O_S_
ADIOS,DERRY,A_DYI_O_S_
ADIOS,DIFFS,A_DYIYO_SG
ADIOS,DILLY,A_DYIYO_S_
ADIOS,DINED,A_DYIYO_S_
ADIOS,DOUMS,A_DYI_OYSG
ADIOS,DRAIL,AYDYIYO_S_
ADIOS,DRAYS,AYDYI_O_SG
ADIOS,DROIT,A_DYIYOYS_
ADIOS,EBONS,A_D_I_OYSG
ADIOS,ELANS,AYD_I_O_SG
ADIOS,ELPEE,A_D_I_O_S_
ADIOS,EMAIL,AYD_IYO_S_
ADIOS,EMITS,A_D_IGO_SG
ADMAN,ACUTE,AGD_M_A_N_
ADMAN,ADAGE,AGDGM_AYN_
ADMAN,ADAPT,AGDGM_AYN_
ADMAN,ADIEU,AGDGM_A_N_
ADMAN,ADIOS,AGDGM_A_N_
ADMAN,ADMAN,AGDGMGAGNG
ADMAN,ADMEN,AGDGMGA_NG
ADMAN,ADMIN,AGDGMGA_NG
ADMAN,ADMIT,AGDGMGA_N_
ADMAN,ADMIX,AGDGMGA_N_
ADMAN,ADOBE,AGDGM_A_N_
ADMAN,ADOBO,AGDGM_A_N_
ADMAN,ABODO,AGDYM_A_N_
ADMAN,ADDED,AGDGM_A_N_
ADMAN,ADOPT,AGDGM_A_N_
ADMAN,ADORE,AGDGM_A_N_
ADMAN,AXIOM,AGD_MYA_N_
ADMAN,BAYES,AYD_M_A_N_
ADMAN,BERRY,A_D_M_A_N_
ADMAN,BIKED,A_DYM_A_N_
ADMAN,BLUES,A_D_M_A_N_
ADMAN,BOGEY,A_D_M_A_N_
ADMAN,BOINK,A_D_M_A_NY
ADMAN,CERTS,A_D_M_A_N_
ADMAN,CHINE,A_D_M_A_NY
ADMAN,CINES,A_D_M_A_NY
ADMAN,CIPPI,A_D_M_A_N_
ADMAN,COMBO,A_D_MGA_N_
ADMAN,COMET,A_D_MGA_N_
ADMAN,CONFS,A_D_M_A_NY
ADMAN,CORMS,A_D_MYA_N_
ADMAN,COVES,A_D_M_A_N_
ADMAN,CREDO,A_DYM_A_N_
ADMAN,CRUMP,A_D_MYA_N_
ADMAN,CURRY,A_D_M_A_N_
ADMAN,DAMPY,AYDYMGA_N_
ADMAN,DEELY,A_DYM_A_N_
ADMAN,DERRY,A_DYM_A_N_
ADMAN,DIFFS,A_DYM_A_N_
ADMAN,DILLY,A_DYM_A_N_
ADMAN,DINED,A_DYM_A_NY
ADMAN,DOUMS,A_DYMYA_N_
ADMAN,DRAIL,AYDYM_A_N_
ADMAN,DRAYS,AYDYM_A_N_
ADMAN,DROIT,A_DYM_A_N_
ADMAN,EBONS,A_D_M_A_NY
ADMAN,ELANS,AYD_M_A_NY
ADMAN,ELPEE,A_D_M_A_N_
ADMAN,EMAIL,AYD_MYA_N_
ADMAN,EMITS,A_D_MYA_N_
ADMEN,ACUTE,AGD_M_EYN_
ADMEN,ADAGE,AGDGM_EYN_
ADMEN,ADAPT,AGDGM_E_N_
ADMEN,ADIEU,AGDGM_EGN_
ADMEN,ADIOS,AGDGM_E_N_
ADMEN,ADMAN,AGDGMGE_NG
ADMEN,ADMEN,AGDGMGEGNG
ADMEN,ADMIN,AGDGMGE_NG
ADMEN,ADMIT,AGDGMGE_N_
ADMEN,ADMIX,AGDGMGE_N_
ADMEN,ADOBE,AGDGM_EYN_
ADMEN,ADOBO,AGDGM_E_N_
ADMEN,ABODO,AGDYM_E_N_
ADMEN,ADDED,AGDGM_EGN_
ADMEN,ADOPT,AGDGM_E_N_
ADMEN,ADORE,AGDGM_EYN_
ADMEN,AXIOM,AGD_MYE_N_
ADMEN,BAYES,AYD_M_EGN_
ADMEN,BERRY,A_D_M_EYN_
ADMEN,BIKED,A_DYM_EGN_
ADMEN,BLUES,A_D_M_EGN_
ADMEN,BOGEY,A_D_M_EGN_
ADMEN,BOINK,A_D_M_E_NY
ADMEN,CERTS,A_D_M_EYN_
ADMEN,CHINE,A_D_M_EYNY
ADMEN,CINES,A_D_M_EGNY
ADMEN,CIPPI,A_D_M_E_N_
ADMEN,COMBO,A_D_MGE_N_
ADMEN,COMET,A_D_MGEGN_
ADMEN,CONFS,A_D_M_E_NY
ADMEN,CORMS,A_D_MYE_N_
ADMEN,COVES,A_D_M_EGN_
ADMEN,CREDO,A_DYM_EYN_
ADMEN,CRUMP,A_D_MYE_N_
ADMEN,CURRY,A_D_M_E_N_
ADMEN,DAMPY,AYDYMGE_N_
ADMEN,DEELY,A_DYM_EYN_
ADMEN,DERRY,A_DYM_EYN_
ADMEN,DIFFS,A_DYM_E_N_
ADMEN,DILLY,A_DYM_E_N_
ADMEN,DINED,A_DYM_EGNY
ADMEN,DOUMS,A_DYMYE_N_
ADMEN,DRAIL,AYDYM_E_N_
ADMEN,DRAYS,AYDYM_E_N_
ADMEN,DROIT,A_DYM_E_N_
ADMEN,EBONS,A_D_M_EYNY
ADMEN,ELANS,AYD_M_EYNY
ADMEN,ELPEE,A_D_M_EGN_
ADMEN,EMAIL,AYD_MYEYN_
ADMEN,EMITS,A_D_MYEYN_
ADMIN,ACUTE,AGD_M_I_N_
ADMIN,ADAGE,AGDGM_I_N_
ADMIN,ADAPT,AGDGM_I_N_
ADMIN,ADIEU,AGDGM_IYN_
ADMIN,ADIOS,AGDGM_IYN_
ADMIN,ADMAN,AGDGMGI_NG
ADMIN,ADMEN,AGDGMGI_NG
ADMIN,ADMIN,AGDGMGIGNG
ADMIN,ADMIT,AGDGMGIGN_
ADMIN,ADMIX,AGDGMGIGN_
ADMIN,ADOBE,AGDGM_I_N_
ADMIN,ADOBO,AGDGM_I_N_
ADMIN,ABODO,AGDYM_I_N_
ADMIN,ADDED,AGDGM_I_N_
ADMIN,ADOPT,AGDGM_I_N_
ADMIN,ADORE,AGDGM_I_N_
ADMIN,AXIOM,AGD_MYIYN_
ADMIN,BAYES,AYD_M_I_N_
ADMIN,BERRY,A_D_M_I_N_
ADMIN,BIKED,A_DYM_IYN_
ADMIN,BLUES,A_D_M_I_N_
ADMIN,BOGEY,A_D_M_I_N_
ADMIN,BOINK,A_D_M_IYNY
ADMIN,CERTS,A_D_M_I_N_
ADMIN,CHINE,A_D_M_IYNY
ADMIN,CINES,A_D_M_IYNY
ADMIN,CIPPI,A_D_M_IYN_
ADMIN,COMBO,A_D_MGI_N_
ADMIN,COMET,A_D_MGI_N_
ADMIN,CONFS,A_D_M_I_NY
ADMIN,CORMS,A_D_MYI_N_
ADMIN,COVES,A_D_M_I_N_
ADMIN,CREDO,A_DYM_I_N_
ADMIN,CRUMP,A_D_MYI_N_
ADMIN,CURRY,A_D_M_I_N_
ADMIN,DAMPY,AYDYMGI_N_
ADMIN,DEELY,A_DYM_I_N_
ADMIN,DERRY,A_DYM_I_N_
ADMIN,DIFFS,A_DYM_IYN_
ADMIN,DILLY,A_DYM_IYN_
ADMIN,DINED,A_DYM_IYNY
ADMIN,DOUMS,A_DYMYI_N_
ADMIN,DRAIL,AYDYM_IGN_
ADMIN,DRAYS,AYDYM_I_N_
ADMIN,DROIT,A_DYM_IGN_
ADMIN,EBONS,A_D_M_I_NY
ADMIN,ELANS,AYD_M_I_NY
ADMIN,ELPEE,A_D_M_I_N_
ADMIN,EMAIL,AYD_MYIGN_
ADMIN,EMITS,A_D_MYIYN_
ADMIT,ACUTE,AGD_M_I_TY
ADMIT,ADAGE,AGDGM_I_T_
ADMIT,ADAPT,AGDGM_I_TG
ADMIT,ADIEU,AGDGM_IYT_
ADMIT,ADIOS,AGDGM_IYT_
ADMIT,ADMAN,AGDGMGI_T_
ADMIT,ADMEN,AGDGMGI_T_
ADMIT,ADMIN,AGDGMGIGT_
ADMIT,ADMIT,AGDGMGIGTG
ADMIT,ADMIX,AGDGMGIGT_
ADMIT,ADOBE,AGDGM_I_T_
ADMIT,ADOBO,AGDGM_I_T_
ADMIT,ABODO,AGDYM_I_T_
ADMIT,ADDED,AGDGM_I_T_
ADMIT,ADOPT,AGDGM_I_TG
ADMIT,ADORE,AGDGM_I_T_
ADMIT,AXIOM,AGD_MYIYT_
ADMIT,BAYES,AYD_M_I_T_
ADMIT,BERRY,A_D_M_I_T_
ADMIT,BIKED,A_DYM_IYT_
ADMIT,BLUES,A_D_M_I_T_
ADMIT,BOGEY,A_D_M_I_T_
ADMIT,BOINK,A_D_M_IYT_
ADMIT,CERTS,A_D_M_I_TY
ADMIT,CHINE,A_D_M_IYT_
ADMIT,CINES,A_D_M_IYT_
ADMIT,CIPPI,A_D_M_IYT_
ADMIT,COMBO,A_D_MGI_T_
ADMIT,COMET,A_D_MGI_TG
ADMIT,CONFS,A_D_M_I_T_
ADMIT,CORMS,A_D_MYI_T_
ADMIT,COVES,A_D_M_I_T_
ADMIT,CREDO,A_DYM_I_T_
ADMIT,CRUMP,A_D_MYI_T_
ADMIT,CURRY,A_D_M_I_T_
ADMIT,DAMPY,AYDYMGI_T_
ADMIT,DEELY,A_DYM_I_T_
ADMIT,DERRY,A_DYM_I_T_
ADMIT,DIFFS,A_DYM_IYT_
ADMIT,DILLY,A_DYM_IYT_
ADMIT,DINED,A_DYM_IYT_
ADMIT,DOUMS,A_DYMYI_T_
ADMIT,DRAIL,AYDYM_IGT_
ADMIT,DRAYS,AYDYM_I_T_
ADMIT,DROIT,A_DYM_IGTG
ADMIT,EBONS,A_D_M_I_T_
ADMIT,ELANS,AYD_M_I_T_
ADMIT,ELPEE,A_D_M_I_T_
ADMIT,EMAIL,AYD_MYIGT_
ADMIT,EMITS,A_D_MYIYTY
ADMIX,ACUTE,AGD_M_I_X_
ADMIX,ADAGE,AGDGM_I_X_
ADMIX,ADAPT,AGDGM_I_X_
ADMIX,ADIEU,AGDGM_IYX_
ADMIX,ADIOS,AGDGM_IYX_
ADMIX,ADMAN,AGDGMGI_X_
ADMIX,ADMEN,AGDGMGI_X_
ADMIX,ADMIN,AGDGMGIGX_
ADMIX,ADMIT,AGDGMGIGX_
ADMIX,ADMIX,AGDGMGIGXG
ADMIX,ADOBE,AGDGM_I_X_
ADMIX,ADOBO,AGDGM_I_X_
ADMIX,ABODO,AGDYM_I_X_
ADMIX,ADDED,AGDGM_I_X_
ADMIX,ADOPT,AGDGM_I_X_
ADMIX,ADORE,AGDGM_I_X_
ADMIX,AXIOM,AGD_MYIYXY
ADMIX,BAYES,AYD_M_I_X_
ADMIX,BERRY,A_D_M_I_X_
ADMIX,BIKED,A_DYM_IYX_
ADMIX,BLUES,A_D_M_I_X_
ADMIX,BOGEY,A_D_M_I_X_
ADMIX,BOINK,A_D_M_IYX_
ADMIX,CERTS,A_D_M_I_X_
ADMIX,CHINE,A_D_M_IYX_
ADMIX,CINES,A_D_M_IYX_
ADMIX,CIPPI,A_D_M_IYX_
ADMIX,COMBO,A_D_MGI_X_
ADMIX,COMET,A_D_MGI_X_
ADMIX,CONFS,A_D_M_I_X_
ADMIX,CORMS,A_D_MYI_X_
ADMIX,COVES,A_D_M_I_X_
ADMIX,CREDO,A_DYM_I_X_
ADMIX,CRUMP,A_D_MYI_X_
ADMIX,CURRY,A_D_M_I_X_
ADMIX,DAMPY,AYDYMGI_X_
ADMIX,DEELY,A_DYM_I_X_
ADMIX,DERRY,A_DYM_I_X_
ADMIX,DIFFS,A_DYM_IYX_
ADMIX,DILLY,A_DYM_IYX_
ADMIX,DINED,A_DYM_IYX_
ADMIX,DOUMS,A_DYMYI_X_
ADMIX,DRAIL,AYDYM_IGX_
ADMIX,DRAYS,AYDYM_I_X_
ADMIX,DROIT,A_DYM_IGX_
ADMIX,EBONS,A_D_M_I_X_
ADMIX,ELANS,AYD_M_I_X_
ADMIX,ELPEE,A_D_M_I_X_
ADMIX,EMAIL,AYD_MYIGX_
ADMIX,EMITS,A_D_MYIYX_
ADOBE,ACUTE,AGD_O_B_EG
ADOBE,ADAGE,AGDGO_B_EG
ADOBE,ADAPT,AGDGO_B_E_
ADOBE,ADIEU,AGDGO_B_EY
ADOBE,ADIOS,AGDGOYB_E_
ADOBE,ADMAN,AGDGO_B_E_
ADOBE,ADMEN,AGDGO_B_EY
ADOBE,ADMIN,AGDGO_B_E_
ADOBE,ADMIT,AGDGO_B_E_
ADOBE,ADMIX,AGDGO_B_E_
ADOBE,ADOBE,AGDGOGBGEG
ADOBE,ADOBO,AGDGOGBGE_
ADOBE,ABODO,AGDYOGBYE_
ADOBE,ADDED,AGDGO_B_EY
ADOBE,ADOPT,AGDGOGB_E_
ADOBE,ADORE,AGDGOGB_EG
ADOBE,AXIOM,AGD_OYB_E_
ADOBE,BAYES,AYD_O_BYEY
ADOBE,BERRY,A_D_O_BYEY
ADOBE,BIKED,A_DYO_BYEY
ADOBE,BLUES,A_D_O_BYEY
ADOBE,BOGEY,A_D_OYBYEY
ADOBE,BOINK,A_D_OYBYE_
ADOBE,CERTS,A_D_O_B_EY
ADOBE,CHINE,A_D_O_B_EG
ADOBE,CINES,A_D_O_B_EY
ADOBE,CIPPI,A_D_O_B_E_
ADOBE,COMBO,A_D_OYBGE_
ADOBE,COMET,A_D_OYB_EY
ADOBE,CONFS,A_D_OYB_E_
ADOBE,CORMS,A_D_OYB_E_
ADOBE,COVES,A_D_OYB_EY
ADOBE,CREDO,A_DYOYB_EY
ADOBE,CRUMP,A_D_O_B_E_
ADOBE,CURRY,A_D_O_B_E_
ADOBE,DAMPY,AYDYO_B_E_
ADOBE,DEELY,A_DYO_B_EY
ADOBE,DERRY,A_DYO_B_EY
ADOBE,DIFFS,A_DYO_B_E_
ADOBE,DILLY,A_DYO_B_E_
ADOBE,DINED,A_DYO_B_EY
ADOBE,DOUMS,A_DYOYB_E_
ADOBE,DRAIL,AYDYO_B_E_
ADOBE,DRAYS,AYDYO_B_E_
ADOBE,DROIT,A_DYOGB_E_
ADOBE,EBONS,A_D_OGBYEY
ADOBE,ELANS,AYD_O_B_EY
ADOBE,ELPEE,A_D_O_B_EG
ADOBE,EMAIL,AYD_O_B_EY
ADOBE,EMITS,A_D_O_B_EY
ADOBO,ACUTE,AGD_O_B_O_
ADOBO,ADAGE,AGDGO_B_O_
ADOBO,ADAPT,AGDGO_B_O_
ADOBO,ADIEU,AGDGO_B_O_
ADOBO,ADIOS,AGDGOYB_O_
ADOBO,ADMAN,AGDGO_B_O_
ADOBO,ADMEN,AGDGO_B_O_
ADOBO,ADMIN,AGDGO_B_O_
ADOBO,ADMIT,AGDGO_B_O_
ADOBO,ADMIX,AGDGO_B_O_
ADOBO,ADOBE,AGDGOGBGO_
ADOBO,ADOBO,AGDGOGBGOG
ADOBO,ABODO,AGDYOGBYOG
ADOBO,ADDED,AGDGO_B_O_
ADOBO,ADOPT,AGDGOGB_O_
ADOBO,ADORE,AGDGOGB_O_
ADOBO,AXIOM,AGD_OYB_O_
ADOBO,BAYES,AYD_O_BYO_
ADOBO,BERRY,A_D_O_BYO_
ADOBO,BIKED,A_DYO_BYO_
ADOBO,BLUES,A_D_O_BYO_
ADOBO,BOGEY,A_D_OYBYO_
ADOBO,BOINK,A_D_OYBYO_
ADOBO,CERTS,A_D_O_B_O_
ADOBO,CHINE,A_D_O_B_O_
ADOBO,CINES,A_D_O_B_O_
ADOBO,CIPPI,A_D_O_B_O_
ADOBO,COMBO,A_D_OYBGOG
ADOBO,COMET,A_D_OYB_O_
ADOBO,CONFS,A_D_OYB_O_
ADOBO,CORMS,A_D_OYB_O_
ADOBO,COVES,A_D_OYB_O_
ADOBO,CREDO,A_DYO_B_OG
ADOBO,CRUMP,A_D_O_B_O_
ADOBO,CURRY,A_D_O_B_O_
ADOBO,DAMPY,AYDYO_B_O_
ADOBO,DEELY,A_DYO_B_O_
ADOBO,DERRY,A_DYO_B_O_
ADOBO,DIFFS,A_DYO_B_O_
ADOBO,DILLY,A_DYO_B_O_
ADOBO,DINED,A_DYO_B_O_
ADOBO,DOUMS,A_DYOYB_O_
ADOBO,DRAIL,AYDYO_B_O_
ADOBO,DRAYS,AYDYO_B_O_
ADOBO,DROIT,A_DYOGB_O_
ADOBO,EBONS,A_D_OGBYO_
ADOBO,ELANS,AYD_O_B_O_
ADOBO,ELPEE,A_D_O_B_O_
ADOBO,EMAIL,AYD_O_B_O_
ADOBO,EMITS,A_D_O_B_O_
ABODO,ACUTE,AGB_O_D_O_
ABODO,ADAGE,AGB_O_DYO_
ABODO,ADAPT,AGB_O_DYO_
ABODO,ADIEU,AGB_O_DYO_
ABODO,ADIOS,AGB_OYDYO_
ABODO,ADMAN,AGB_O_DYO_
ABODO,ADMEN,AGB_O_DYO_
ABODO,ADMIN,AGB_O_DYO_
ABODO,ADMIT,AGB_O_DYO_
ABODO,ADMIX,AGB_O_DYO_
ABODO,ADOBE,AGBYOGDYO_
ABODO,ADOBO,AGBYOGDYOG
ABODO,ABODO,AGBGOGDGOG
ABODO,ADDED,AGB_O_DYO_
ABODO,ADOPT,AGB_OGDYO_
ABODO,ADORE,AGB_OGDYO_
ABODO,AXIOM,AGB_OYD_O_
ABODO,BAYES,AYBYO_D_O_
ABODO,BERRY,A_BYO_D_O_
ABODO,BIKED,A_BYO_DYO_
ABODO,BLUES,A_BYO_D_O_
ABODO,BOGEY,A_BYOYD_O_
ABODO,BOINK,A_BYOYD_O_
ABODO,CERTS,A_B_O_D_O_
ABODO,CHINE,A_B_O_D_O_
ABODO,CINES,A_B_O_D_O_
ABODO,CIPPI,A_B_O_D_O_
ABODO,COMBO,A_BYOYD_OG
ABODO,COMET,A_B_OYD_O_
ABODO,CONFS,A_B_OYD_O_
ABODO,CORMS,A_B_OYD_O_
ABODO,COVES,A_B_OYD_O_
ABODO,CREDO,A_B_O_DGOG
ABODO,CRUMP,A_B_O_D_O_
ABODO,CURRY,A_B_O_D_O_
ABODO,DAMPY,AYB_O_DYO_
ABODO,DEELY,A_B_O_DYO_
ABODO,DERRY,A_B_O_DYO_
ABODO,DIFFS,A_B_O_DYO_
ABODO,DILLY,A_B_O_DYO_
ABODO,DINED,A_B_O_DYO_
ABODO,DOUMS,A_B_OYDYO_
ABODO,DRAIL,AYB_O_DYO_
ABODO,DRAYS,AYB_O_DYO_
ABODO,DROIT,A_B_OGDYO_
ABODO,EBONS,A_BGOGD_O_
ABODO,ELANS,AYB_O_D_O_
ABODO,ELPEE,A_B_O_D_O_
ABODO,EMAIL,AYB_O_D_O_
ABODO,EMITS,A_B_O_D_O_
ADDED,ACUTE,AGD_D_EYD_
ADDED,ADAGE,AGDGD_EYD_
ADDED,ADAPT,AGDGD_E_D_
ADDED,ADIEU,AGDGD_EGD_
ADDED,ADIOS,AGDGD_E_D_
ADDED,ADMAN,AGDGD_E_D_
ADDED,ADMEN,AGDGD_EGD_
ADDED,ADMIN,AGDGD_E_D_
ADDED,ADMIT,AGDGD_E_D_
ADDED,ADMIX,AGDGD_E_D_
ADDED,ADOBE,AGDGD_EYD_
ADDED,ADOBO,AGDGD_E_D_
ADDED,ABODO,AGDYD_E_D_
ADDED,ADDED,AGDGDGEGDG
ADDED,ADOPT,AGDGD_E_D_
ADDED,ADORE,AGDGD_EYD_
ADDED,AXIOM,AGD_D_E_D_
ADDED,BAYES,AYD_D_EGD_
ADDED,BERRY,A_D_D_EYD_
ADDED,BIKED,A_D_D_EGDG
ADDED,BLUES,A_D_D_EGD_
ADDED,BOGEY,A_D_D_EGD_
ADDED,BOINK,A_D_D_E_D_
ADDED,CERTS,A_D_D_EYD_
ADDED,CHINE,A_D_D_EYD_
ADDED,CINES,A_D_D_EGD_
ADDED,CIPPI,A_D_D_E_D_
ADDED,COMBO,A_D_D_E_D_
ADDED,COMET,A_D_D_EGD_
ADDED,CONFS,A_D_D_E_D_
ADDED,CORMS,A_D_D_E_D_
ADDED,COVES,A_D_D_EGD_
ADDED,CREDO,A_DYD_EYD_
ADDED,CRUMP,A_D_D_E_D_
ADDED,CURRY,A_D_D_E_D_
ADDED,DAMPY,AYDYD_E_D_
ADDED,DEELY,A_DYD_EYD_
ADDED,DERRY,A_DYD_EYD_
ADDED,DIFFS,A_DYD_E_D_
ADDED,DILLY,A_DYD_E_D_
ADDED,DINED,A_DYD_EGDG
ADDED,DOUMS,A_DYD_E_D_
ADDED,DRAIL,AYDYD_E_D_
ADDED,DRAYS,AYDYD_E_D_
ADDED,DROIT,A_DYD_E_D_
ADDED,EBONS,A_D_D_EYD_
ADDED,ELANS,AYD_D_EYD_
ADDED,ELPEE,A_D_D_EGD_
ADDED,EMAIL,AYD_D_EYD_
ADDED,EMITS,A_D_D_EYD_
ADOPT,ACUTE,AGD_O_P_TY
ADOPT,ADAGE,AGDGO_P_T_
ADOPT,ADAPT,AGDGO_PGTG
ADOPT,ADIEU,AGDGO_P_T_
ADOPT,ADIOS,AGDGOYP_T_
ADOPT,ADMAN,AGDGO_P_T_
ADOPT,ADMEN,AGDGO_P_T_
ADOPT,ADMIN,AGDGO_P_T_
ADOPT,ADMIT,AGDGO_P_TG
ADOPT,ADMIX,AGDGO_P_T_
ADOPT,ADOBE,AGDGOGP_T_
ADOPT,ADOBO,AGDGOGP_T_
ADOPT,ABODO,AGDYOGP_T_
ADOPT,ADDED,AGDGO_P_T_
ADOPT,ADOPT,AGDGOGPGTG
ADOPT,ADORE,AGDGOGP_T_
ADOPT,AXIOM,AGD_OYP_T_
ADOPT,BAYES,AYD_O_P_T_
ADOPT,BERRY,A_D_O_P_T_
ADOPT,BIKED,A_DYO_P_T_
ADOPT,BLUES,A_D_O_P_T_
ADOPT,BOGEY,A_D_OYP_T_
ADOPT,BOINK,A_D_OYP_T_
ADOPT,CERTS,A_D_O_P_TY
ADOPT,CHINE,A_D_O_P_T_
ADOPT,CINES,A_D_O_P_T_
ADOPT,CIPPI,A_D_O_PGT_
ADOPT,COMBO,A_D_OYP_T_
ADOPT,COMET,A_D_OYP_TG
ADOPT,CONFS,A_D_OYP_T_
ADOPT,CORMS,A_D_OYP_T_
ADOPT,COVES,A_D_OYP_T_
ADOPT,CREDO,A_DYOYP_T_
ADOPT,CRUMP,A_D_O_PYT_
ADOPT,CURRY,A_D_O_P_T_
ADOPT,DAMPY,AYDYO_PGT_
ADOPT,DEELY,A_DYO_P_T_
ADOPT,DERRY,A_DYO_P_T_
ADOPT,DIFFS,A_DYO_P_T_
ADOPT,DILLY,A_DYO_P_T_
ADOPT,DINED,A_DYO_P_T_
ADOPT,DOUMS,A_DYOYP_T_
ADOPT,DRAIL,AYDYO_P_T_
ADOPT,DRAYS,AYDYO_P_T_
ADOPT,DROIT,A_DYOGP_TG
ADOPT,EBONS,A_D_OGP_T_
ADOPT,ELANS,AYD_O_P_T_
ADOPT,ELPEE,A_D_O_PYT_
ADOPT,EMAIL,AYD_O_P_T_
ADOPT,EMITS,A_D_O_P_TY
ADORE,ACUTE,AGD_O_R_EG
ADORE,ADAGE,AGDGO_R_EG
ADORE,ADAPT,AGDGO_R_E_
ADORE,ADIEU,AGDGO_R_EY
ADORE,ADIOS,AGDGOYR_E_
ADORE,ADMAN,AGDGO_R_E_
ADORE,ADMEN,AGDGO_R_EY
ADORE,ADMIN,AGDGO_R_E_
ADORE,ADMIT,AGDGO_R_E_
ADORE,ADMIX,AGDGO_R_E_
ADORE,ADOBE,AGDGOGR_EG
ADORE,ADOBO,AGDGOGR_E_
ADORE,ABODO,AGDYOGR_E_
ADORE,ADDED,AGDGO_R_EY
ADORE,ADOPT,AGDGOGR_E_
ADORE,ADORE,AGDGOGRGEG
ADORE,AXIOM,AGD_OYR_E_
ADORE,BAYES,AYD_O_R_EY
ADORE,BERRY,A_D_O_RGEY
ADORE,BIKED,A_DYO_R_EY
ADORE,BLUES,A_D_O_R_EY
ADORE,BOGEY,A_D_OYR_EY
ADORE,BOINK,A_D_OYR_E_
ADORE,CERTS,A_D_O_RYEY
ADORE,CHINE,A_D_O_R_EG
ADORE,CINES,A_D_O_R_EY
ADORE,CIPPI,A_D_O_R_E_
ADORE,COMBO,A_D_OYR_E_
ADORE,COMET,A_D_OYR_EY
ADORE,CONFS,A_D_OYR_E_
ADORE,CORMS,A_D_OYRYE_
ADORE,COVES,A_D_OYR_EY
ADORE,CREDO,A_DYOYRYEY
ADORE,CRUMP,A_D_O_RYE_
ADORE,CURRY,A_D_O_RGE_
ADORE,DAMPY,AYDYO_R_E_
ADORE,DEELY,A_DYO_R_EY
ADORE,DERRY,A_DYO_RGEY
ADORE,DIFFS,A_DYO_R_E_
ADORE,DILLY,A_DYO_R_E_
ADORE,DINED,A_DYO_R_EY
ADORE,DOUMS,A_DYOYR_E_
ADORE,DRAIL,AYDYO_RYE_
ADORE,DRAYS,AYDYO_RYE_
ADORE,DROIT,A_DYOGRYE_
ADORE,EBONS,A_D_OGR_EY
ADORE,ELANS,AYD_O_R_EY
ADORE,ELPEE,A_D_O_R_EG
ADORE,EMAIL,AYD_O_R_EY
ADORE,EMITS,A_D_O_R_EY
AXIOM,ACUTE,AGX_I_O_M_
AXIOM,ADAGE,AGX_I_O_M_
AXIOM,ADAPT,AGX_I_O_M_
AXIOM,ADIEU,AGX_IGO_M_
AXIOM,ADIOS,AGX_IGOGM_
AXIOM,ADMAN,AGX_I_O_MY
AXIOM,ADMEN,AGX_I_O_MY
AXIOM,ADMIN,AGX_IYO_MY
AXIOM,ADMIT,AGX_IYO_MY
AXIOM,ADMIX,AGXYIYO_MY
AXIOM,ADOBE,AGX_I_OYM_
AXIOM,ADOBO,AGX_I_OYM_
AXIOM,ABODO,AGX_I_OYM_
AXIOM,ADDED,AGX_I_O_M_
AXIOM,ADOPT,AGX_I_OYM_
AXIOM,ADORE,AGX_I_OYM_
AXIOM,AXIOM,AGXGIGOGMG
AXIOM,BAYES,AYX_I_O_M_
AXIOM,BERRY,A_X_I_O_M_
AXIOM,BIKED,A_X_IYO_M_
AXIOM,BLUES,A_X_I_O_M_
AXIOM,BOGEY,A_X_I_OYM_
AXIOM,BOINK,A_X_IGOYM_
AXIOM,CERTS,A_X_I_O_M_
AXIOM,CHINE,A_X_IGO_M_
AXIOM,CINES,A_X_IYO_M_
AXIOM,CIPPI,A_X_IYO_M_
AXIOM,COMBO,A_X_I_OYMY
AXIOM,COMET,A_X_I_OYMY
AXIOM,CONFS,A_X_I_OYM_
AXIOM,CORMS,A_X_I_OYMY
AXIOM,COVES,A_X_I_OYM_
AXIOM,CREDO,A_X_I_OYM_
AXIOM,CRUMP,A_X_I_O_MY
AXIOM,CURRY,A_X_I_O_M_
AXIOM,DAMPY,AYX_I_O_MY
AXIOM,DEELY,A_X_I_O_M_
AXIOM,DERRY,A_X_I_O_M_
AXIOM,DIFFS,A_X_IYO_M_
AXIOM,DILLY,A_X_IYO_M_
AXIOM,DINED,A_X_IYO_M_
AXIOM,DOUMS,A_X_I_OYMY
AXIOM,DRAIL,AYX_IYO_M_
AXIOM,DRAYS,AYX_I_O_M_
AXIOM,DROIT,A_X_IYOYM_
AXIOM,EBONS,A_X_I_OYM_
AXIOM,ELANS,AYX_I_O_M_
AXIOM,ELPEE,A_X_I_O_M_
AXIOM,EMAIL,AYX_IYO_MY
AXIOM,EMITS,A_X_IGO_MY
BAYES,ACUTE,B_AYY_EYS_
BAYES,ADAGE,B_AYY_EYS_
BAYES,ADAPT,B_AYY_E_S_
BAYES,ADIEU,B_AYY_EGS_
BAYES,ADIOS,B_AYY_E_SG
BAYES,ADMAN,B_AYY_E_S_
BAYES,ADMEN,B_AYY_EGS_
BAYES,ADMIN,B_AYY_E_S_
BAYES,ADMIT,B_AYY_E_S_
BAYES,ADMIX,B_AYY_E_S_
BAYES,ADOBE,BYAYY_EYS_
BAYES,ADOBO,BYAYY_E_S_
BAYES,ABODO,BYAYY_E_S_
BAYES,ADDED,B_AYY_EGS_
BAYES,ADOPT,B_AYY_E_S_
BAYES,ADORE,B_AYY_EYS_
BAYES,AXIOM,B_AYY_E_S_
BAYES,BAYES,BGAGYGEGSG
BAYES,BERRY,BGA_YYEYS_
BAYES,BIKED,BGA_Y_EGS_
BAYES,BLUES,BGA_Y_EGSG
BAYES,BOGEY,BGA_YYEGS_
BAYES,BOINK,BGA_Y_E_S_
BAYES,CERTS,B_A_Y_EYSG
BAYES,CHINE,B_A_Y_EYS_
BAYES,CINES,B_A_Y_EGSG
BAYES,CIPPI,B_A_Y_E_S_
BAYES,COMBO,BYA_Y_E_S_
BAYES,COMET,B_A_Y_EGS_
BAYES,CONFS,B_A_Y_E_SG
BAYES,CORMS,B_A_Y_E_SG
BAYES,COVES,B_A_Y_EGSG
BAYES,CREDO,B_A_Y_EYS_
BAYES,CRUMP,B_A_Y_E_S_
BAYES,CURRY,B_A_YYE_S_
BAYES,DAMPY,B_AGYYE_S_
BAYES,DEELY,B_A_YYEYS_
BAYES,DERRY,B_A_YYEYS_
BAYES,DIFFS,B_A_Y_E_SG
BAYES,DILLY,B_A_YYE_S_
BAYES,DINED,B_A_Y_EGS_
BAYES,DOUMS,B_A_Y_E_SG
BAYES,DRAIL,B_AYY_E_S_
BAYES,DRAYS,B_AYYYE_SG
BAYES,DROIT,B_A_Y_E_S_
BAYES,EBONS,BYA_Y_EYSG
BAYES,ELANS,B_AYY_EYSG
BAYES,ELPEE,B_A_Y_EGS_
BAYES,EMAIL,B_AYY_EYS_
BAYES,EMITS,B_A_Y_EYSG
BERRY,ACUTE,B_EYR_R_Y_
BERRY,ADAGE,B_EYR_R_Y_
BERRY,ADAPT,B_E_R_R_Y_
BERRY,ADIEU,B_EYR_R_Y_
BERRY,ADIOS,B_E_R_R_Y_
BERRY,ADMAN,B_E_R_R_Y_
BERRY,ADMEN,B_EYR_R_Y_
BERRY,ADMIN,B_E_R_R_Y_
BERRY,ADMIT,B_E_R_R_Y_
BERRY,ADMIX,B_E_R_R_Y_
BERRY,ADOBE,BYEYR_R_Y_
BERRY,ADOBO,BYE_R_R_Y_
BERRY,ABODO,BYE_R_R_Y_
BERRY,ADDED,B_EYR_R_Y_
BERRY,ADOPT,B_E_R_R_Y_
BERRY,ADORE,B_EYR_RGY_
BERRY,AXIOM,B_E_R_R_Y_
BERRY,BAYES,BGEYR_R_YY
BERRY,BERRY,BGEGRGRGYG
BERRY,BIKED,BGEYR_R_Y_
BERRY,BLUES,BGEYR_R_Y_
BERRY,BOGEY,BGEYR_R_YG
BERRY,BOINK,BGE_R_R_Y_
BERRY,CERTS,B_EGRGR_Y_
BERRY,CHINE,B_EYR_R_Y_
BERRY,CINES,B_EYR_R_Y_
BERRY,CIPPI,B_E_R_R_Y_
BERRY,COMBO,BYE_R_R_Y_
BERRY,COMET,B_EYR_R_Y_
BERRY,CONFS,B_E_R_R_Y_
BERRY,CORMS,B_E_RGR_Y_
BERRY,COVES,B_EYR_R_Y_
BERRY,CREDO,B_EYRYR_Y_
BERRY,CRUMP,B_E_RYR_Y_
BERRY,CURRY,B_E_RGRGYG
BERRY,DAMPY,B_E_R_R_YG
BERRY,DEELY,B_EGR_R_YG
BERRY,DERRY,B_EGRGRGYG
BERRY,DIFFS,B_E_R_R_Y_
BERRY,DILLY,B_E_R_R_YG
BERRY,DINED,B_EYR_R_Y_
BERRY,DOUMS,B_E_R_R_Y_
BERRY,DRAIL,B_E_RYR_Y_
BERRY,DRAYS,B_E_RYR_YY
BERRY,DROIT,B_E_RYR_Y_
BERRY,EBONS,BYEYR_R_Y_
BERRY,ELANS,B_EYR_R_Y_
BERRY,ELPEE,B_EYR_R_Y_
BERRY,EMAIL,B_EYR_R_Y_
BERRY,EMITS,B_EYR_R_Y_
BIKED,ACUTE,B_I_K_EYD_
BIKED,ADAGE,B_I_K_EYDY
BIKED,ADAPT,B_I_K_E_DY
BIKED,ADIEU,B_IYK_EGDY
BIKED,ADIOS,B_IYK_E_DY
BIKED,ADMAN,B_I_K_E_DY
BIKED,ADMEN,B_I_K_EGDY
BIKED,ADMIN,B_IYK_E_DY
BIKED,ADMIT,B_IYK_E_DY
BIKED,ADMIX,B_IYK_E_DY
BIKED,ADOBE,BYI_K_EYDY
BIKED,ADOBO,BYI_K_E_DY
BIKED,ABODO,BYI_K_E_DY
BIKED,ADDED,B_I_K_EGDG
BIKED,ADOPT,B_I_K_E_DY
BIKED,ADORE,B_I_K_EYDY
BIKED,AXIOM,B_IYK_E_D_
BIKED,BAYES,BGI_K_EGD_
BIKED,BERRY,BGI_K_EYD_
BIKED,BIKED,BGIGKGEGDG
BIKED,BLUES,BGI_K_EGD_
BIKED,BOGEY,BGI_K_EGD_
BIKED,BOINK,BGIYKYE_D_
BIKED,CERTS,B_I_K_EYD_
BIKED,CHINE,B_IYK_EYD_
BIKED,CINES,B_IGK_EGD_
BIKED,CIPPI,B_IGK_E_D_
BIKED,COMBO,BYI_K_E_D_
BIKED,COMET,B_I_K_EGD_
BIKED,CONFS,B_I_K_E_D_
BIKED,CORMS,B_I_K_E_D_
BIKED,COVES,B_I_K_EGD_
BIKED,CREDO,B_I_K_EYDY
BIKED,CRUMP,B_I_K_E_D_
BIKED,CURRY,B_I_K_E_D_
BIKED,DAMPY,B_I_K_E_DY
BIKED,DEELY,B_I_K_EYDY
BIKED,DERRY,B_I_K_EYDY
BIKED,DIFFS,B_IGK_E_DY
BIKED,DILLY,B_IGK_E_DY
BIKED,DINED,B_IGK_EGDG
BIKED,DOUMS,B_I_K_E_DY
BIKED,DRAIL,B_IYK_E_DY
BIKED,DRAYS,B_I_K_E_DY
BIKED,DROIT,B_IYK_E_DY
BIKED,EBONS,BYI_K_EYD_
BIKED,ELANS,B_I_K_EYD_
BIKED,ELPEE,B_I_K_EGD_
BIKED,EMAIL,B_IYK_EYD_
BIKED,EMITS,B_IYK_EYD_
BLUES,ACUTE,B_L_UGEYS_
BLUES,ADAGE,B_L_U_EYS_
BLUES,ADAPT,B_L_U_E_S_
BLUES,ADIEU,B_L_UYEGS_
BLUES,ADIOS,B_L_U_E_SG
BLUES,ADMAN,B_L_U_E_S_
BLUES,ADMEN,B_L_U_EGS_
BLUES,ADMIN,B_L_U_E_S_
BLUES,ADMIT,B_L_U_E_S_
BLUES,ADMIX,B_L_U_E_S_
BLUES,ADOBE,BYL_U_EYS_
BLUES,ADOBO,BYL_U_E_S_
BLUES,ABODO,BYL_U_E_S_
BLUES,ADDED,B_L_U_EGS_
BLUES,ADOPT,B_L_U_E_S_
BLUES,ADORE,B_L_U_EYS_
BLUES,AXIOM,B_L_U_E_S_
BLUES,BAYES,BGL_U_EGSG
BLUES,BERRY,BGL_U_EYS_
BLUES,BIKED,BGL_U_EGS_
BLUES,BLUES,BGLGUGEGSG
BLUES,BOGEY,BGL_U_EGS_
BLUES,BOINK,BGL_U_E_S_
BLUES,CERTS,B_L_U_EYSG
BLUES,CHINE,B_L_U_EYS_
BLUES,CINES,B_L_U_EGSG
BLUES,CIPPI,B_L_U_E_S_
BLUES,COMBO,BYL_U_E_S_
BLUES,COMET,B_L_U_EGS_
BLUES,CONFS,B_L_U_E_SG
BLUES,CORMS,B_L_U_E_SG
BLUES,COVES,B_L_U_EGSG
BLUES,CREDO,B_L_U_EYS_
BLUES,CRUMP,B_L_UGE_S_
BLUES,CURRY,B_L_UYE_S_
BLUES,DAMPY,B_L_U_E_S_
BLUES,DEELY,B_LYU_EYS_
BLUES,DERRY,B_L_U_EYS_
BLUES,DIFFS,B_L_U_E_SG
BLUES,DILLY,B_LYU_E_S_
BLUES,DINED,B_L_U_EGS_
BLUES,DOUMS,B_L_UGE_SG
BLUES,DRAIL,B_LYU_E_S_
BLUES,DRAYS,B_L_U_E_SG
BLUES,DROIT,B_L_U_E_S_
BLUES,EBONS,BYL_U_EYSG
BLUES,ELANS,B_LGU_EYSG
BLUES,ELPEE,B_LGU_EGS_
BLUES,EMAIL,B_LYU_EYS_
BLUES,EMITS,B_L_U_EYSG
BOGEY,ACUTE,B_O_G_EYY_
BOGEY,ADAGE,B_O_GYEYY_
BOGEY,ADAPT,B_O_G_E_Y_
BOGEY,ADIEU,B_O_G_EGY_
BOGEY,ADIOS,B_OYG_E_Y_
BOGEY,ADMAN,B_O_G_E_Y_
BOGEY,ADMEN,B_O_G_EGY_
BOGEY,ADMIN,B_O_G_E_Y_
BOGEY,ADMIT,B_O_G_E_Y_
BOGEY,ADMIX,B_O_G_E_Y_
BOGEY,ADOBE,BYOYG_EYY_
BOGEY,ADOBO,BYOYG_E_Y_
BOGEY,ABODO,BYOYG_E_Y_
BOGEY,ADDED,B_O_G_EGY_
BOGEY,ADOPT,B_OYG_E_Y_
BOGEY,ADORE,B_OYG_EYY_
BOGEY,AXIOM,B_OYG_E_Y_
BOGEY,BAYES,BGO_G_EGYY
BOGEY,BERRY,BGO_G_EYYG
BOGEY,BIKED,BGO_G_EGY_
BOGEY,BLUES,BGO_G_EGY_
BOGEY,BOGEY,BGOGGGEGYG
BOGEY,BOINK,BGOGG_E_Y_
BOGEY,CERTS,B_O_G_EYY_
BOGEY,CHINE,B_O_G_EYY_
BOGEY,CINES,B_O_G_EGY_
BOGEY,CIPPI,B_O_G_E_Y_
BOGEY,COMBO,BYOGG_E_Y_
BOGEY,COMET,B_OGG_EGY_
BOGEY,CONFS,B_OGG_E_Y_
BOGEY,CORMS,B_OGG_E_Y_
BOGEY,COVES,B_OGG_EGY_
BOGEY,CREDO,B_OYG_EYY_
BOGEY,CRUMP,B_O_G_E_Y_
BOGEY,CURRY,B_O_G_E_YG
BOGEY,DAMPY,B_O_G_E_YG
BOGEY,DEELY,B_O_G_EYYG
BOGEY,DERRY,B_O_G_EYYG
BOGEY,DIFFS,B_O_G_E_Y_
BOGEY,DILLY,B_O_G_E_YG
BOGEY,DINED,B_O_G_EGY_
BOGEY,DOUMS,B_OGG_E_Y_
BOGEY,DRAIL,B_O_G_E_Y_
BOGEY,DRAYS,B_O_G_E_YY
BOGEY,DROIT,B_OYG_E_Y_
BOGEY,EBONS,BYOYG_EYY_
BOGEY,ELANS,B_O_G_EYY_
BOGEY,ELPEE,B_O_G_EGY_
BOGEY,EMAIL,B_O_G_EYY_
BOGEY,EMITS,B_O_G_EYY_
BOINK,ACUTE,B_O_I_N_K_
BOINK,ADAGE,B_O_I_N_K_
BOINK,ADAPT,B_O_I_N_K_
BOINK,ADIEU,B_O_IGN_K_
BOINK,ADIOS,B_OYIGN_K_
BOINK,ADMAN,B_O_I_NYK_
BOINK,ADMEN,B_O_I_NYK_
BOINK,ADMIN,B_O_IYNYK_
BOINK,ADMIT,B_O_IYN_K_
BOINK,ADMIX,B_O_IYN_K_
BOINK,ADOBE,BYOYI_N_K_
BOINK,ADOBO,BYOYI_N_K_
BOINK,ABODO,BYOYI_N_K_
BOINK,ADDED,B_O_I_N_K_
BOINK,ADOPT,B_OYI_N_K_
BOINK,ADORE,B_OYI_N_K_
BOINK,AXIOM,B_OYIGN_K_
BOINK,BAYES,BGO_I_N_K_
BOINK,BERRY,BGO_I_N_K_
BOINK,BIKED,BGO_IYN_KY
BOINK,BLUES,BGO_I_N_K_
BOINK,BOGEY,BGOGI_N_K_
BOINK,BOINK,BGOGIGNGKG
BOINK,CERTS,B_O_I_N_K_
BOINK,CHINE,B_O_IGNGK_
BOINK,CINES,B_O_IYNYK_
BOINK,CIPPI,B_O_IYN_K_
BOINK,COMBO,BYOGI_N_K_
BOINK,COMET,B_OGI_N_K_
BOINK,CONFS,B_OGI_NYK_
BOINK,CORMS,B_OGI_N_K_
BOINK,COVES,B_OGI_N_K_
BOINK,CREDO,B_OYI_N_K_
BOINK,CRUMP,B_O_I_N_K_
BOINK,CURRY,B_O_I_N_K_
BOINK,DAMPY,B_O_I_N_K_
BOINK,DEELY,B_O_I_N_K_
BOINK,DERRY,B_O_I_N_K_
BOINK,DIFFS,B_O_IYN_K_
BOINK,DILLY,B_O_IYN_K_
BOINK,DINED,B_O_IYNYK_
BOINK,DOUMS,B_OGI_N_K_
BOINK,DRAIL,B_O_IYN_K_
BOINK,DRAYS,B_O_I_N_K_
BOINK,DROIT,B_OYIYN_K_
BOINK,EBONS,BYOYI_NGK_
BOINK,ELANS,B_O_I_NGK_
BOINK,ELPEE,B_O_I_N_K_
BOINK,EMAIL,B_O_IYN_K_
BOINK,EMITS,B_O_IGN_K_
CERTS,ACUTE,CYEYR_TGS_
CERTS,ADAGE,C_EYR_T_S_
CERTS,ADAPT,C_E_R_TYS_
CERTS,ADIEU,C_EYR_T_S_
CERTS,ADIOS,C_E_R_T_SG
CERTS,ADMAN,C_E_R_T_S_
CERTS,ADMEN,C_EYR_T_S_
CERTS,ADMIN,C_E_R_T_S_
CERTS,ADMIT,C_E_R_TYS_
CERTS,ADMIX,C_E_R_T_S_
CERTS,ADOBE,C_EYR_T_S_
CERTS,ADOBO,C_E_R_T_S_
CERTS,ABODO,C_E_R_T_S_
CERTS,ADDED,C_EYR_T_S_
CERTS,ADOPT,C_E_R_TYS_
CERTS,ADORE,C_EYRYT_S_
CERTS,AXIOM,C_E_R_T_S_
CERTS,BAYES,C_EYR_T_SG
CERTS,BERRY,C_EGRGT_S_
CERTS,BIKED,C_EYR_T_S_
CERTS,BLUES,C_EYR_T_SG
CERTS,BOGEY,C_EYR_T_S_
CERTS,BOINK,C_E_R_T_S_
CERTS,CERTS,CGEGRGTGSG
CERTS,CHINE,CGEYR_T_S_
CERTS,CINES,CGEYR_T_SG
CERTS,CIPPI,CGE_R_T_S_
CERTS,COMBO,CGE_R_T_S_
CERTS,COMET,CGEYR_TYS_
CERTS,CONFS,CGE_R_T_SG
CERTS,CORMS,CGE_RGT_SG
CERTS,COVES,CGEYR_T_SG
CERTS,CREDO,CGEYRYT_S_
CERTS,CRUMP,CGE_RYT_S_
CERTS,CURRY,CGE_RGT_S_
CERTS,DAMPY,C_E_R_T_S_
CERTS,DEELY,C_EGR_T_S_
CERTS,DERRY,C_EGRGT_S_
CERTS,DIFFS,C_E_R_T_SG
CERTS,DILLY,C_E_R_T_S_
CERTS,DINED,C_EYR_T_S_
CERTS,DOUMS,C_E_R_T_SG
CERTS,DRAIL,C_E_RYT_S_
CERTS,DRAYS,C_E_RYT_SG
CERTS,DROIT,C_E_RYTYS_
CERTS,EBONS,C_EYR_T_SG
CERTS,ELANS,C_EYR_T_SG
CERTS,ELPEE,C_EYR_T_S_
CERTS,EMAIL,C_EYR_T_S_
CERTS,EMITS,C_EYR_TGSG
CHINE,ACUTE,CYH_I_N_EG
CHINE,ADAGE,C_H_I_N_EG
CHINE,ADAPT,C_H_I_N_E_
CHINE,ADIEU,C_H_IGN_EY
CHINE,ADIOS,C_H_IGN_E_
CHINE,ADMAN,C_H_I_NYE_
CHINE,ADMEN,C_H_I_NYEY
CHINE,ADMIN,C_H_IYNYE_
CHINE,ADMIT,C_H_IYN_E_
CHINE,ADMIX,C_H_IYN_E_
CHINE,ADOBE,C_H_I_N_EG
CHINE,ADOBO,C_H_I_N_E_
CHINE,ABODO,C_H_I_N_E_
CHINE,ADDED,C_H_I_N_EY
CHINE,ADOPT,C_H_I_N_E_
CHINE,ADORE,C_H_I_N_EG
CHINE,AXIOM,C_H_IGN_E_
CHINE,BAYES,C_H_I_N_EY
CHINE,BERRY,C_H_I_N_EY
CHINE,BIKED,C_H_IYN_EY
CHINE,BLUES,C_H_I_N_EY
CHINE,BOGEY,C_H_I_N_EY
CHINE,BOINK,C_H_IGNGE_
CHINE,CERTS,CGH_I_N_EY
CHINE,CHINE,CGHGIGNGEG
CHINE,CINES,CGH_IYNYEY
CHINE,CIPPI,CGH_IYN_E_
CHINE,COMBO,CGH_I_N_E_
CHINE,COMET,CGH_I_N_EY
CHINE,CONFS,CGH_I_NYE_
CHINE,CORMS,CGH_I_N_E_
CHINE,COVES,CGH_I_N_EY
CHINE,CREDO,CGH_I_N_EY
CHINE,CRUMP,CGH_I_N_E_
CHINE,CURRY,CGH_I_N_E_
CHINE,DAMPY,C_H_I_N_E_
CHINE,DEELY,C_H_I_N_EY
CHINE,DERRY,C_H_I_N_EY
CHINE,DIFFS,C_H_IYN_E_
CHINE,DILLY,C_H_IYN_E_
CHINE,DINED,C_H_IYNYEY
CHINE,DOUMS,C_H_I_N_E_
CHINE,DRAIL,C_H_IYN_E_
CHINE,DRAYS,C_H_I_N_E_
CHINE,DROIT,C_H_IYN_E_
CHINE,EBONS,C_H_I_NGEY
CHINE,ELANS,C_H_I_NGEY
CHINE,ELPEE,C_H_I_N_EG
CHINE,EMAIL,C_H_IYN_EY
CHINE,EMITS,C_H_IGN_EY
CINES,ACUTE,CYI_N_EYS_
CINES,ADAGE,C_I_N_EYS_
CINES,ADAPT,C_I_N_E_S_
CINES,ADIEU,C_IYN_EGS_
CINES,ADIOS,C_IYN_E_SG
CINES,ADMAN,C_I_NYE_S_
CINES,ADMEN,C_I_NYEGS_
CINES,ADMIN,C_IYNYE_S_
CINES,ADMIT,C_IYN_E_S_
CINES,ADMIX,C_IYN_E_S_
CINES,ADOBE,C_I_N_EYS_
CINES,ADOBO,C_I_N_E_S_
CINES,ABODO,C_I_N_E_S_
CINES,ADDED,C_I_N_EGS_
CINES,ADOPT,C_I_N_E_S_
CINES,ADORE,C_I_N_EYS_
CINES,AXIOM,C_IYN_E_S_
CINES,BAYES,C_I_N_EGSG
CINES,BERRY,C_I_N_EYS_
CINES,BIKED,C_IGN_EGS_
CINES,BLUES,C_I_N_EGSG
CINES,BOGEY,C_I_N_EGS_
CINES,BOINK,C_IYNYE_S_
CINES,CERTS,CGI_N_EYSG
CINES,CHINE,CGIYNYEYS_
CINES,CINES,CGIGNGEGSG
CINES,CIPPI,CGIGN_E_S_
CINES,COMBO,CGI_N_E_S_
CINES,COMET,CGI_N_EGS_
CINES,CONFS,CGI_NGE_SG
CINES,CORMS,CGI_N_E_SG
CINES,COVES,CGI_N_EGSG
CINES,CREDO,CGI_N_EYS_
CINES,CRUMP,CGI_N_E_S_
CINES,CURRY,CGI_N_E_S_
CINES,DAMPY,C_I_N_E_S_
CINES,DEELY,C_I_N_EYS_
CINES,DERRY,C_I_N_EYS_
CINES,DIFFS,C_IGN_E_SG
CINES,DILLY,C_IGN_E_S_
CINES,DINED,C_IGNGEGS_
CINES,DOUMS,C_I_N_E_SG
CINES,DRAIL,C_IYN_E_S_
CINES,DRAYS,C_I_N_E_SG
CINES,DROIT,C_IYN_E_S_
CINES,EBONS,C_I_NYEYSG
CINES,ELANS,C_I_NYEYSG
CINES,ELPEE,C_I_N_EGS_
CINES,EMAIL,C_IYN_EYS_
CINES,EMITS,C_IYN_EYSG
CIPPI,ACUTE,CYI_P_P_I_
CIPPI,ADAGE,C_I_P_P_I_
CIPPI,ADAPT,C_I_P_PGI_
CIPPI,ADIEU,C_IYP_P_I_
CIPPI,ADIOS,C_IYP_P_I_
CIPPI,ADMAN,C_I_P_P_I_
CIPPI,ADMEN,C_I_P_P_I_
CIPPI,ADMIN,C_IYP_P_I_
CIPPI,ADMIT,C_IYP_P_I_
CIPPI,ADMIX,C_IYP_P_I_
CIPPI,ADOBE,C_I_P_P_I_
CIPPI,ADOBO,C_I_P_P_I_
CIPPI,ABODO,C_I_P_P_I_
CIPPI,ADDED,C_I_P_P_I_
CIPPI,ADOPT,C_I_P_PGI_
CIPPI,ADORE,C_I_P_P_I_
CIPPI,AXIOM,C_IYP_P_I_
CIPPI,BAYES,C_I_P_P_I_
CIPPI,BERRY,C_I_P_P_I_
CIPPI,BIKED,C_IGP_P_I_
CIPPI,BLUES,C_I_P_P_I_
CIPPI,BOGEY,C_I_P_P_I_
CIPPI,BOINK,C_IYP_P_I_
CIPPI,CERTS,CGI_P_P_I_
CIPPI,CHINE,CGIYP_P_I_
CIPPI,CINES,CGIGP_P_I_
CIPPI,CIPPI,CGIGPGPGIG
CIPPI,COMBO,CGI_P_P_I_
CIPPI,COMET,CGI_P_P_I_
CIPPI,CONFS,CGI_P_P_I_
CIPPI,CORMS,CGI_P_P_I_
CIPPI,COVES,CGI_P_P_I_
CIPPI,CREDO,CGI_P_P_I_
CIPPI,CRUMP,CGI_PYP_I_
CIPPI,CURRY,CGI_P_P_I_
CIPPI,DAMPY,C_I_P_PGI_
CIPPI,DEELY,C_I_P_P_I_
CIPPI,DERRY,C_I_P_P_I_
CIPPI,DIFFS,C_IGP_P_I_
CIPPI,DILLY,C_IGP_P_I_
CIPPI,DINED,C_IGP_P_I_
CIPPI,DOUMS,C_I_P_P_I_
CIPPI,DRAIL,C_IYP_P_I_
CIPPI,DRAYS,C_I_P_P_I_
CIPPI,DROIT,C_IYP_P_I_
CIPPI,EBONS,C_I_P_P_I_
CIPPI,ELANS,C_I_P_P_I_
CIPPI,ELPEE,C_I_PGP_I_
CIPPI,EMAIL,C_IYP_P_I_
CIPPI,EMITS,C_IYP_P_I_
COMBO,ACUTE,CYO_M_B_O_
COMBO,ADAGE,C_O_M_B_O_
COMBO,ADAPT,C_O_M_B_O_
COMBO,ADIEU,C_O_M_B_O_
COMBO,ADIOS,C_OYM_B_O_
COMBO,ADMAN,C_O_MGB_O_
COMBO,ADMEN,C_O_MGB_O_
COMBO,ADMIN,C_O_MGB_O_
COMBO,ADMIT,C_O_MGB_O_
COMBO,ADMIX,C_O_MGB_O_
COMBO,ADOBE,C_OYM_BGO_
COMBO,ADOBO,C_OYM_BGOG
COMBO,ABODO,C_OYM_BYOG
COMBO,ADDED,C_O_M_B_O_
COMBO,ADOPT,C_OYM_B_O_
COMBO,ADORE,C_OYM_B_O_
COMBO,AXIOM,C_OYMYB_O_
COMBO,BAYES,C_O_M_BYO_
COMBO,BERRY,C_O_M_BYO_
COMBO,BIKED,C_O_M_BYO_
COMBO,BLUES,C_O_M_BYO_
COMBO,BOGEY,C_OGM_BYO_
COMBO,BOINK,C_OGM_BYO_
COMBO,CERTS,CGO_M_B_O_
COMBO,CHINE,CGO_M_B_O_
COMBO,CINES,CGO_M_B_O_
COMBO,CIPPI,CGO_M_B_O_
COMBO,COMBO,CGOGMGBGOG
COMBO,COMET,CGOGMGB_O_
COMBO,CONFS,CGOGM_B_O_
COMBO,CORMS,CGOGMYB_O_
COMBO,COVES,CGOGM_B_O_
COMBO,CREDO,CGO_M_B_OG
COMBO,CRUMP,CGO_MYB_O_
COMBO,CURRY,CGO_M_B_O_
COMBO,DAMPY,C_O_MGB_O_
COMBO,DEELY,C_O_M_B_O_
COMBO,DERRY,C_O_M_B_O_
COMBO,DIFFS,C_O_M_B_O_
COMBO,DILLY,C_O_M_B_O_
COMBO,DINED,C_O_M_B_O_
COMBO,DOUMS,C_OGMYB_O_
COMBO,DRAIL,C_O_M_B_O_
COMBO,DRAYS,C_O_M_B_O_
COMBO,DROIT,C_OYM_B_O_
COMBO,EBONS,C_OYM_BYO_
COMBO,ELANS,C_O_M_B_O_
COMBO,ELPEE,C_O_M_B_O_
COMBO,EMAIL,C_O_MYB_O_
COMBO,EMITS,C_O_MYB_O_
COMET,ACUTE,CYO_M_EYTY
COMET,ADAGE,C_O_M_EYT_
COMET,ADAPT,C_O_M_E_TG
COMET,ADIEU,C_O_M_EGT_
COMET,ADIOS,C_OYM_E_T_
COMET,ADMAN,C_O_MGE_T_
COMET,ADMEN,C_O_MGEGT_
COMET,ADMIN,C_O_MGE_T_
COMET,ADMIT,C_O_MGE_TG
COMET,ADMIX,C_O_MGE_T_
COMET,ADOBE,C_OYM_EYT_
COMET,ADOBO,C_OYM_E_T_
COMET,ABODO,C_OYM_E_T_
COMET,ADDED,C_O_M_EGT_
COMET,ADOPT,C_OYM_E_TG
COMET,ADORE,C_OYM_EYT_
COMET,AXIOM,C_OYMYE_T_
COMET,BAYES,C_O_M_EGT_
COMET,BERRY,C_O_M_EYT_
COMET,BIKED,C_O_M_EGT_
COMET,BLUES,C_O_M_EGT_
COMET,BOGEY,C_OGM_EGT_
COMET,BOINK,C_OGM_E_T_
COMET,CERTS,CGO_M_EYTY
COMET,CHINE,CGO_M_EYT_
COMET,CINES,CGO_M_EGT_
COMET,CIPPI,CGO_M_E_T_
COMET,COMBO,CGOGMGE_T_
COMET,COMET,CGOGMGEGTG
COMET,CONFS,CGOGM_E_T_
COMET,CORMS,CGOGMYE_T_
COMET,COVES,CGOGM_EGT_
COMET,CREDO,CGOYM_EYT_
COMET,CRUMP,CGO_MYE_T_
COMET,CURRY,CGO_M_E_T_
COMET,DAMPY,C_O_MGE_T_
COMET,DEELY,C_O_M_EYT_
COMET,DERRY,C_O_M_EYT_
COMET,DIFFS,C_O_M_E_T_
COMET,DILLY,C_O_M_E_T_
COMET,DINED,C_O_M_EGT_
COMET,DOUMS,C_OGMYE_T_
COMET,DRAIL,C_O_M_E_T_
COMET,DRAYS,C_O_M_E_T_
COMET,DROIT,C_OYM_E_TG
COMET,EBONS,C_OYM_EYT_
COMET,ELANS,C_O_M_EYT_
COMET,ELPEE,C_O_M_EGT_
COMET,EMAIL,C_O_MYEYT_
COMET,EMITS,C_O_MYEYTY
CONFS,ACUTE,CYO_N_F_S_
CONFS,ADAGE,C_O_N_F_S_
CONFS,ADAPT,C_O_N_F_S_
CONFS,ADIEU,C_O_N_F_S_
CONFS,ADIOS,C_OYN_F_SG
CONFS,ADMAN,C_O_NYF_S_
CONFS,ADMEN,C_O_NYF_S_
CONFS,ADMIN,C_O_NYF_S_
CONFS,ADMIT,C_O_N_F_S_
CONFS,ADMIX,C_O_N_F_S_
CONFS,ADOBE,C_OYN_F_S_
CONFS,ADOBO,C_OYN_F_S_
CONFS,ABODO,C_OYN_F_S_
CONFS,ADDED,C_O_N_F_S_
CONFS,ADOPT,C_OYN_F_S_
CONFS,ADORE,C_OYN_F_S_
CONFS,AXIOM,C_OYN_F_S_
CONFS,BAYES,C_O_N_F_SG
CONFS,BERRY,C_O_N_F_S_
CONFS,BIKED,C_O_N_F_S_
CONFS,BLUES,C_O_N_F_SG
CONFS,BOGEY,C_OGN_F_S_
CONFS,BOINK,C_OGNYF_S_
CONFS,CERTS,CGO_N_F_SG
CONFS,CHINE,CGO_NYF_S_
CONFS,CINES,CGO_NGF_SG
CONFS,CIPPI,CGO_N_F_S_
CONFS,COMBO,CGOGN_F_S_
CONFS,COMET,CGOGN_F_S_
CONFS,CONFS,CGOGNGFGSG
CONFS,CORMS,CGOGN_F_SG
CONFS,COVES,CGOGN_F_SG
CONFS,CREDO,CGOYN_F_S_
CONFS,CRUMP,CGO_N_F_S_
CONFS,CURRY,CGO_N_F_S_
CONFS,DAMPY,C_O_N_F_S_
CONFS,DEELY,C_O_N_F_S_
CONFS,DERRY,C_O_N_F_S_
CONFS,DIFFS,C_O_N_FGSG
CONFS,DILLY,C_O_N_F_S_
CONFS,DINED,C_O_NGF_S_
CONFS,DOUMS,C_OGN_F_SG
CONFS,DRAIL,C_O_N_F_S_
CONFS,DRAYS,C_O_N_F_SG
CONFS,DROIT,C_OYN_F_S_
CONFS,EBONS,C_OYNYF_SG
CONFS,ELANS,C_O_NYF_SG
CONFS,ELPEE,C_O_N_F_S_
CONFS,EMAIL,C_O_N_F_S_
CONFS,EMITS,C_O_N_F_SG
CORMS,ACUTE,CYO_R_M_S_
CORMS,ADAGE,C_O_R_M_S_
CORMS,ADAPT,C_O_R_M_S_
CORMS,ADIEU,C_O_R_M_S_
CORMS,ADIOS,C_OYR_M_SG
CORMS,ADMAN,C_O_R_MYS_
CORMS,ADMEN,C_O_R_MYS_
CORMS,ADMIN,C_O_R_MYS_
CORMS,ADMIT,C_O_R_MYS_
CORMS,ADMIX,C_O_R_MYS_
CORMS,ADOBE,C_OYR_M_S_
CORMS,ADOBO,C_OYR_M_S_
CORMS,ABODO,C_OYR_M_S_
CORMS,ADDED,C_O_R_M_S_
CORMS,ADOPT,C_OYR_M_S_
CORMS,ADORE,C_OYRYM_S_
CORMS,AXIOM,C_OYR_MYS_
CORMS,BAYES,C_O_R_M_SG
CORMS,BERRY,C_O_RGM_S_
CORMS,BIKED,C_O_R_M_S_
CORMS,BLUES,C_O_R_M_SG
CORMS,BOGEY,C_OGR_M_S_
CORMS,BOINK,C_OGR_M_S_
CORMS,CERTS,CGO_RGM_SG
CORMS,CHINE,CGO_R_M_S_
CORMS,CINES,CGO_R_M_SG
CORMS,CIPPI,CGO_R_M_S_
CORMS,COMBO,CGOGR_MYS_
CORMS,COMET,CGOGR_MYS_
CORMS,CONFS,CGOGR_M_SG
CORMS,CORMS,CGOGRGMGSG
CORMS,COVES,CGOGR_M_SG
CORMS,CREDO,CGOYRYM_S_
CORMS,CRUMP,CGO_RYMGS_
CORMS,CURRY,CGO_RGM_S_
CORMS,DAMPY,C_O_R_MYS_
CORMS,DEELY,C_O_R_M_S_
CORMS,DERRY,C_O_RGM_S_
CORMS,DIFFS,C_O_R_M_SG
CORMS,DILLY,C_O_R_M_S_
CORMS,DINED,C_O_R_M_S_
CORMS,DOUMS,C_OGR_MGSG
CORMS,DRAIL,C_O_RYM_S_
CORMS,DRAYS,C_O_RYM_SG
CORMS,DROIT,C_OYRYM_S_
CORMS,EBONS,C_OYR_M_SG
CORMS,ELANS,C_O_R_M_SG
CORMS,ELPEE,C_O_R_M_S_
CORMS,EMAIL,C_O_R_MYS_
CORMS,EMITS,C_O_R_MYSG
COVES,ACUTE,CYO_V_EYS_
COVES,ADAGE,C_O_V_EYS_
COVES,ADAPT,C_O_V_E_S_
COVES,ADIEU,C_O_V_EGS_
COVES,ADIOS,C_OYV_E_SG
COVES,ADMAN,C_O_V_E_S_
COVES,ADMEN,C_O_V_EGS_
COVES,ADMIN,C_O_V_E_S_
COVES,ADMIT,C_O_V_E_S_
COVES,ADMIX,C_O_V_E_S_
COVES,ADOBE,C_OYV_EYS_
COVES,ADOBO,C_OYV_E_S_
COVES,ABODO,C_OYV_E_S_
COVES,ADDED,C_O_V_EGS_
COVES,ADOPT,C_OYV_E_S_
COVES,ADORE,C_OYV_EYS_
COVES,AXIOM,C_OYV_E_S_
COVES,BAYES,C_O_V_EGSG
COVES,BERRY,C_O_V_EYS_
COVES,BIKED,C_O_V_EGS_
COVES,BLUES,C_O_V_EGSG
COVES,BOGEY,C_OGV_EGS_
COVES,BOINK,C_OGV_E_S_
COVES,CERTS,CGO_V_EYSG
COVES,CHINE,CGO_V_EYS_
COVES,CINES,CGO_V_EGSG
COVES,CIPPI,CGO_V_E_S_
COVES,COMBO,CGOGV_E_S_
COVES,COMET,CGOGV_EGS_
COVES,CONFS,CGOGV_E_SG
COVES,CORMS,CGOGV_E_SG
COVES,COVES,CGOGVGEGSG
COVES,CREDO,CGOYV_EYS_
COVES,CRUMP,CGO_V_E_S_
COVES,CURRY,CGO_V_E_S_
COVES,DAMPY,C_O_V_E_S_
COVES,DEELY,C_O_V_EYS_
COVES,DERRY,C_O_V_EYS_
COVES,DIFFS,C_O_V_E_SG
COVES,DILLY,C_O_V_E_S_
COVES,DINED,C_O_V_EGS_
COVES,DOUMS,C_OGV_E_SG
COVES,DRAIL,C_O_V_E_S_
COVES,DRAYS,C_O_V_E_SG
COVES,DROIT,C_OYV_E_S_
COVES,EBONS,C_OYV_EYSG
COVES,ELANS,C_O_V_EYSG
COVES,ELPEE,C_O_V_EGS_
COVES,EMAIL,C_O_V_EYS_
COVES,EMITS,C_O_V_EYSG
CREDO,ACUTE,CYR_EYD_O_
CREDO,ADAGE,C_R_EYDYO_
CREDO,ADAPT,C_R_E_DYO_
CREDO,ADIEU,C_R_EYDYO_
CREDO,ADIOS,C_R_E_DYOY
CREDO,ADMAN,C_R_E_DYO_
CREDO,ADMEN,C_R_EYDYO_
CREDO,ADMIN,C_R_E_DYO_
CREDO,ADMIT,C_R_E_DYO_
CREDO,ADMIX,C_R_E_DYO_
CREDO,ADOBE,C_R_EYDYOY
CREDO,ADOBO,C_R_E_DYOG
CREDO,ABODO,C_R_E_DGOG
CREDO,ADDED,C_R_EYDYO_
CREDO,ADOPT,C_R_E_DYOY
CREDO,ADORE,C_RYEYDYOY
CREDO,AXIOM,C_R_E_D_OY
CREDO,BAYES,C_R_EYD_O_
CREDO,BERRY,C_RYEYD_O_
CREDO,BIKED,C_R_EYDYO_
CREDO,BLUES,C_R_EYD_O_
CREDO,BOGEY,C_R_EYD_OY
CREDO,BOINK,C_R_E_D_OY
CREDO,CERTS,CGRYEYD_O_
CREDO,CHINE,CGR_EYD_O_
CREDO,CINES,CGR_EYD_O_
CREDO,CIPPI,CGR_E_D_O_
CREDO,COMBO,CGR_E_D_OG
CREDO,COMET,CGR_EYD_OY
CREDO,CONFS,CGR_E_D_OY
CREDO,CORMS,CGRYE_D_OY
CREDO,COVES,CGR_EYD_OY
CREDO,CREDO,CGRGEGDGOG
CREDO,CRUMP,CGRGE_D_O_
CREDO,CURRY,CGRYE_D_O_
CREDO,DAMPY,C_R_E_DYO_
CREDO,DEELY,C_R_EGDYO_
CREDO,DERRY,C_RYEYDYO_
CREDO,DIFFS,C_R_E_DYO_
CREDO,DILLY,C_R_E_DYO_
CREDO,DINED,C_R_EYDYO_
CREDO,DOUMS,C_R_E_DYOY
CREDO,DRAIL,C_RGE_DYO_
CREDO,DRAYS,C_RGE_DYO_
CREDO,DROIT,C_RGE_DYOY
CREDO,EBONS,C_R_EYD_OY
CREDO,ELANS,C_R_EYD_O_
CREDO,ELPEE,C_R_EYD_O_
CREDO,EMAIL,C_R_EYD_O_
CREDO,EMITS,C_R_EYD_O_
CRUMP,ACUTE,CYR_UGM_P_
CRUMP,ADAGE,C_R_U_M_P_
CRUMP,ADAPT,C_R_U_M_PY
CRUMP,ADIEU,C_R_UYM_P_
CRUMP,ADIOS,C_R_U_M_P_
CRUMP,ADMAN,C_R_U_MYP_
CRUMP,ADMEN,C_R_U_MYP_
CRUMP,ADMIN,C_R_U_MYP_
CRUMP,ADMIT,C_R_U_MYP_
CRUMP,ADMIX,C_R_U_MYP_
CRUMP,ADOBE,C_R_U_M_P_
CRUMP,ADOBO,C_R_U_M_P_
CRUMP,ABODO,C_R_U_M_P_
CRUMP,ADDED,C_R_U_M_P_
CRUMP,ADOPT,C_R_U_M_PY
CRUMP,ADORE,C_RYU_M_P_
CRUMP,AXIOM,C_R_U_MYP_
CRUMP,BAYES,C_R_U_M_P_
CRUMP,BERRY,C_RYU_M_P_
CRUMP,BIKED,C_R_U_M_P_
CRUMP,BLUES,C_R_UGM_P_
CRUMP,BOGEY,C_R_U_M_P_
CRUMP,BOINK,C_R_U_M_P_
CRUMP,CERTS,CGRYU_M_P_
CRUMP,CHINE,CGR_U_M_P_
CRUMP,CINES,CGR_U_M_P_
CRUMP,CIPPI,CGR_U_M_PY
CRUMP,COMBO,CGR_U_MYP_
CRUMP,COMET,CGR_U_MYP_
CRUMP,CONFS,CGR_U_M_P_
CRUMP,CORMS,CGRYU_MGP_
CRUMP,COVES,CGR_U_M_P_
CRUMP,CREDO,CGRGU_M_P_
CRUMP,CRUMP,CGRGUGMGPG
CRUMP,CURRY,CGRYUYM_P_
CRUMP,DAMPY,C_R_U_MYPY
CRUMP,DEELY,C_R_U_M_P_
CRUMP,DERRY,C_RYU_M_P_
CRUMP,DIFFS,C_R_U_M_P_
CRUMP,DILLY,C_R_U_M_P_
CRUMP,DINED,C_R_U_M_P_
CRUMP,DOUMS,C_R_UGMGP_
CRUMP,DRAIL,C_RGU_M_P_
CRUMP,DRAYS,C_RGU_M_P_
CRUMP,DROIT,C_RGU_M_P_
CRUMP,EBONS,C_R_U_M_P_
CRUMP,ELANS,C_R_U_M_P_
CRUMP,ELPEE,C_R_U_M_PY
CRUMP,EMAIL,C_R_U_MYP_
CRUMP,EMITS,C_R_U_MYP_
CURRY,ACUTE,CYUYR_R_Y_
CURRY,ADAGE,C_U_R_R_Y_
CURRY,ADAPT,C_U_R_R_Y_
CURRY,ADIEU,C_UYR_R_Y_
CURRY,ADIOS,C_U_R_R_Y_
CURRY,ADMAN,C_U_R_R_Y_
CURRY,ADMEN,C_U_R_R_Y_
CURRY,ADMIN,C_U_R_R_Y_
CURRY,ADMIT,C_U_R_R_Y_
CURRY,ADMIX,C_U_R_R_Y_
CURRY,ADOBE,C_U_R_R_Y_
CURRY,ADOBO,C_U_R_R_Y_
CURRY,ABODO,C_U_R_R_Y_
CURRY,ADDED,C_U_R_R_Y_
CURRY,ADOPT,C_U_R_R_Y_
CURRY,ADORE,C_U_R_RGY_
CURRY,AXIOM,C_U_R_R_Y_
CURRY,BAYES,C_U_R_R_YY
CURRY,BERRY,C_U_RGRGYG
CURRY,BIKED,C_U_R_R_Y_
CURRY,BLUES,C_UYR_R_Y_
CURRY,BOGEY,C_U_R_R_YG
CURRY,BOINK,C_U_R_R_Y_
CURRY,CERTS,CGU_RGR_Y_
CURRY,CHINE,CGU_R_R_Y_
CURRY,CINES,CGU_R_R_Y_
CURRY,CIPPI,CGU_R_R_Y_
CURRY,COMBO,CGU_R_R_Y_
CURRY,COMET,CGU_R_R_Y_
CURRY,CONFS,CGU_R_R_Y_
CURRY,CORMS,CGU_RGR_Y_
CURRY,COVES,CGU_R_R_Y_
CURRY,CREDO,CGU_RYR_Y_
CURRY,CRUMP,CGUYRYR_Y_
CURRY,CURRY,CGUGRGRGYG
CURRY,DAMPY,C_U_R_R_YG
CURRY,DEELY,C_U_R_R_YG
CURRY,DERRY,C_U_RGRGYG
CURRY,DIFFS,C_U_R_R_Y_
CURRY,DILLY,C_U_R_R_YG
CURRY,DINED,C_U_R_R_Y_
CURRY,DOUMS,C_UYR_R_Y_
CURRY,DRAIL,C_U_RYR_Y_
CURRY,DRAYS,C_U_RYR_YY
CURRY,DROIT,C_U_RYR_Y_
CURRY,EBONS,C_U_R_R_Y_
CURRY,ELANS,C_U_R_R_Y_
CURRY,ELPEE,C_U_R_R_Y_
CURRY,EMAIL,C_U_R_R_Y_
CURRY,EMITS,C_U_R_R_Y_
DAMPY,ACUTE,D_AYM_P_Y_
DAMPY,ADAGE,DYAYM_P_Y_
DAMPY,ADAPT,DYAYM_PGY_
DAMPY,ADIEU,DYAYM_P_Y_
DAMPY,ADIOS,DYAYM_P_Y_
DAMPY,ADMAN,DYAYMGP_Y_
DAMPY,ADMEN,DYAYMGP_Y_
DAMPY,ADMIN,DYAYMGP_Y_
DAMPY,ADMIT,DYAYMGP_Y_
DAMPY,ADMIX,DYAYMGP_Y_
DAMPY,ADOBE,DYAYM_P_Y_
DAMPY,ADOBO,DYAYM_P_Y_
DAMPY,ABODO,DYAYM_P_Y_
DAMPY,ADDED,DYAYM_P_Y_
DAMPY,ADOPT,DYAYM_PGY_
DAMPY,ADORE,DYAYM_P_Y_
DAMPY,AXIOM,D_AYMYP_Y_
DAMPY,BAYES,D_AGM_P_YY
DAMPY,BERRY,D_A_M_P_YG
DAMPY,BIKED,DYA_M_P_Y_
DAMPY,BLUES,D_A_M_P_Y_
DAMPY,BOGEY,D_A_M_P_YG
DAMPY,BOINK,D_A_M_P_Y_
DAMPY,CERTS,D_A_M_P_Y_
DAMPY,CHINE,D_A_M_P_Y_
DAMPY,CINES,D_A_M_P_Y_
DAMPY,CIPPI,D_A_M_PGY_
DAMPY,COMBO,D_A_MGP_Y_
DAMPY,COMET,D_A_MGP_Y_
DAMPY,CONFS,D_A_M_P_Y_
DAMPY,CORMS,D_A_MYP_Y_
DAMPY,COVES,D_A_M_P_Y_
DAMPY,CREDO,DYA_M_P_Y_
DAMPY,CRUMP,D_A_MYPYY_
DAMPY,CURRY,D_A_M_P_YG
DAMPY,DAMPY,DGAGMGPGYG
DAMPY,DEELY,DGA_M_P_YG
DAMPY,DERRY,DGA_M_P_YG
DAMPY,DIFFS,DGA_M_P_Y_
DAMPY,DILLY,DGA_M_P_YG
DAMPY,DINED,DGA_M_P_Y_
DAMPY,DOUMS,DGA_MYP_Y_
DAMPY,DRAIL,DGAYM_P_Y_
DAMPY,DRAYS,DGAYM_P_YY
DAMPY,DROIT,DGA_M_P_Y_
DAMPY,EBONS,D_A_M_P_Y_
DAMPY,ELANS,D_AYM_P_Y_
DAMPY,ELPEE,D_A_M_PYY_
DAMPY,EMAIL,D_AYMYP_Y_
DAMPY,EMITS,D_A_MYP_Y_
DEELY,ACUTE,D_EYE_L_Y_
DEELY,ADAGE,DYEYE_L_Y_
DEELY,ADAPT,DYE_E_L_Y_
DEELY,ADIEU,DYEYE_L_Y_
DEELY,ADIOS,DYE_E_L_Y_
DEELY,ADMAN,DYE_E_L_Y_
DEELY,ADMEN,DYEYE_L_Y_
DEELY,ADMIN,DYE_E_L_Y_
DEELY,ADMIT,DYE_E_L_Y_
DEELY,ADMIX,DYE_E_L_Y_
DEELY,ADOBE,DYEYE_L_Y_
DEELY,ADOBO,DYE_E_L_Y_
DEELY,ABODO,DYE_E_L_Y_
DEELY,ADDED,DYEYE_L_Y_
DEELY,ADOPT,DYE_E_L_Y_
DEELY,ADORE,DYEYE_L_Y_
DEELY,AXIOM,D_E_E_L_Y_
DEELY,BAYES,D_EYE_L_YY
DEELY,BERRY,D_EGE_L_YG
DEELY,BIKED,DYEYE_L_Y_
DEELY,BLUES,D_EYE_LYY_
DEELY,BOGEY,D_EYE_L_YG
DEELY,BOINK,D_E_E_L_Y_
DEELY,CERTS,D_EGE_L_Y_
DEELY,CHINE,D_EYE_L_Y_
DEELY,CINES,D_EYE_L_Y_
DEELY,CIPPI,D_E_E_L_Y_
DEELY,COMBO,D_E_E_L_Y_
DEELY,COMET,D_EYE_L_Y_
DEELY,CONFS,D_E_E_L_Y_
DEELY,CORMS,D_E_E_L_Y_
DEELY,COVES,D_EYE_L_Y_
DEELY,CREDO,DYE_EGL_Y_
DEELY,CRUMP,D_E_E_L_Y_
DEELY,CURRY,D_E_E_L_YG
DEELY,DAMPY,DGE_E_L_YG
DEELY,DEELY,DGEGEGLGYG
DEELY,DERRY,DGEGE_L_YG
DEELY,DIFFS,DGE_E_L_Y_
DEELY,DILLY,DGE_E_LGYG
DEELY,DINED,DGEYE_L_Y_
DEELY,DOUMS,DGE_E_L_Y_
DEELY,DRAIL,DGE_E_LYY_
DEELY,DRAYS,DGE_E_L_YY
DEELY,DROIT,DGE_E_L_Y_
DEELY,EBONS,D_EYE_L_Y_
DEELY,ELANS,D_EYE_LYY_
DEELY,ELPEE,D_EYEYLYY_
DEELY,EMAIL,D_EYE_LYY_
DEELY,EMITS,D_EYE_L_Y_
DERRY,ACUTE,D_EYR_R_Y_
DERRY,ADAGE,DYEYR_R_Y_
DERRY,ADAPT,DYE_R_R_Y_
DERRY,ADIEU,DYEYR_R_Y_
DERRY,ADIOS,DYE_R_R_Y_
DERRY,ADMAN,DYE_R_R_Y_
DERRY,ADMEN,DYEYR_R_Y_
DERRY,ADMIN,DYE_R_R_Y_
DERRY,ADMIT,DYE_R_R_Y_
DERRY,ADMIX,DYE_R_R_Y_
DERRY,ADOBE,DYEYR_R_Y_
DERRY,ADOBO,DYE_R_R_Y_
DERRY,ABODO,DYE_R_R_Y_
DERRY,ADDED,DYEYR_R_Y_
DERRY,ADOPT,DYE_R_R_Y_
DERRY,ADORE,DYEYR_RGY_
DERRY,AXIOM,D_E_R_R_Y_
DERRY,BAYES,D_EYR_R_YY
DERRY,BERRY,D_EGRGRGYG
DERRY,BIKED,DYEYR_R_Y_
DERRY,BLUES,D_EYR_R_Y_
DERRY,BOGEY,D_EYR_R_YG
DERRY,BOINK,D_E_R_R_Y_
DERRY,CERTS,D_EGRGR_Y_
DERRY,CHINE,D_EYR_R_Y_
DERRY,CINES,D_EYR_R_Y_
DERRY,CIPPI,D_E_R_R_Y_
DERRY,COMBO,D_E_R_R_Y_
DERRY,COMET,D_EYR_R_Y_
DERRY,CONFS,D_E_R_R_Y_
DERRY,CORMS,D_E_RGR_Y_
DERRY,COVES,D_EYR_R_Y_
DERRY,CREDO,DYEYRYR_Y_
DERRY,CRUMP,D_E_RYR_Y_
DERRY,CURRY,D_E_RGRGYG
DERRY,DAMPY,DGE_R_R_YG
DERRY,DEELY,DGEGR_R_YG
DERRY,DERRY,DGEGRGRGYG
DERRY,DIFFS,DGE_R_R_Y_
DERRY,DILLY,DGE_R_R_YG
DERRY,DINED,DGEYR_R_Y_
DERRY,DOUMS,DGE_R_R_Y_
DERRY,DRAIL,DGE_RYR_Y_
DERRY,DRAYS,DGE_RYR_YY
DERRY,DROIT,DGE_RYR_Y_
DERRY,EBONS,D_EYR_R_Y_
DERRY,ELANS,D_EYR_R_Y_
DERRY,ELPEE,D_EYR_R_Y_
DERRY,EMAIL,D_EYR_R_Y_
DERRY,EMITS,D_EYR_R_Y_
DIFFS,ACUTE,D_I_F_F_S_
DIFFS,ADAGE,DYI_F_F_S_
DIFFS,ADAPT,DYI_F_F_S_
DIFFS,ADIEU,DYIYF_F_S_
DIFFS,ADIOS,DYIYF_F_SG
DIFFS,ADMAN,DYI_F_F_S_
DIFFS,ADMEN,DYI_F_F_S_
DIFFS,ADMIN,DYIYF_F_S_
DIFFS,ADMIT,DYIYF_F_S_
DIFFS,ADMIX,DYIYF_F_S_
DIFFS,ADOBE,DYI_F_F_S_
DIFFS,ADOBO,DYI_F_F_S_
DIFFS,ABODO,DYI_F_F_S_
DIFFS,ADDED,DYI_F_F_S_
DIFFS,ADOPT,DYI_F_F_S_
DIFFS,ADORE,DYI_F_F_S_
DIFFS,AXIOM,D_IYF_F_S_
DIFFS,BAYES,D_I_F_F_SG
DIFFS,BERRY,D_I_F_F_S_
DIFFS,BIKED,DYIGF_F_S_
DIFFS,BLUES,D_I_F_F_SG
DIFFS,BOGEY,D_I_F_F_S_
DIFFS,BOINK,D_IYF_F_S_
DIFFS,CERTS,D_I_F_F_SG
DIFFS,CHINE,D_IYF_F_S_
DIFFS,CINES,D_IGF_F_SG
DIFFS,CIPPI,D_IGF_F_S_
DIFFS,COMBO,D_I_F_F_S_
DIFFS,COMET,D_I_F_F_S_
DIFFS,CONFS,D_I_F_FGSG
DIFFS,CORMS,D_I_F_F_SG
DIFFS,COVES,D_I_F_F_SG
DIFFS,CREDO,DYI_F_F_S_
DIFFS,CRUMP,D_I_F_F_S_
DIFFS,CURRY,D_I_F_F_S_
DIFFS,DAMPY,DGI_F_F_S_
DIFFS,DEELY,DGI_F_F_S_
DIFFS,DERRY,DGI_F_F_S_
DIFFS,DIFFS,DGIGFGFGSG
DIFFS,DILLY,DGIGF_F_S_
DIFFS,DINED,DGIGF_F_S_
DIFFS,DOUMS,DGI_F_F_SG
DIFFS,DRAIL,DGIYF_F_S_
DIFFS,DRAYS,DGI_F_F_SG
DIFFS,DROIT,DGIYF_F_S_
DIFFS,EBONS,D_I_F_F_SG
DIFFS,ELANS,D_I_F_F_SG
DIFFS,ELPEE,D_I_F_F_S_
DIFFS,EMAIL,D_IYF_F_S_
DIFFS,EMITS,D_IYF_F_SG
DILLY,ACUTE,D_I_L_L_Y_
DILLY,ADAGE,DYI_L_L_Y_
DILLY,ADAPT,DYI_L_L_Y_
DILLY,ADIEU,DYIYL_L_Y_
DILLY,ADIOS,DYIYL_L_Y_
DILLY,ADMAN,DYI_L_L_Y_
DILLY,ADMEN,DYI_L_L_Y_
DILLY,ADMIN,DYIYL_L_Y_
DILLY,ADMIT,DYIYL_L_Y_
DILLY,ADMIX,DYIYL_L_Y_
DILLY,ADOBE,DYI_L_L_Y_
DILLY,ADOBO,DYI_L_L_Y_
DILLY,ABODO,DYI_L_L_Y_
DILLY,ADDED,DYI_L_L_Y_
DILLY,ADOPT,DYI_L_L_Y_
DILLY,ADORE,DYI_L_L_Y_
DILLY,AXIOM,D_IYL_L_Y_
DILLY,BAYES,D_I_L_L_YY
DILLY,BERRY,D_I_L_L_YG
DILLY,BIKED,DYIGL_L_Y_
DILLY,BLUES,D_I_LYL_Y_
DILLY,BOGEY,D_I_L_L_YG
DILLY,BOINK,D_IYL_L_Y_
DILLY,CERTS,D_I_L_L_Y_
DILLY,CHINE,D_IYL_L_Y_
DILLY,CINES,D_IGL_L_Y_
DILLY,CIPPI,D_IGL_L_Y_
DILLY,COMBO,D_I_L_L_Y_
DILLY,COMET,D_I_L_L_Y_
DILLY,CONFS,D_I_L_L_Y_
DILLY,CORMS,D_I_L_L_Y_
DILLY,COVES,D_I_L_L_Y_
DILLY,CREDO,DYI_L_L_Y_
DILLY,CRUMP,D_I_L_L_Y_
DILLY,CURRY,D_I_L_L_YG
DILLY,DAMPY,DGI_L_L_YG
DILLY,DEELY,DGI_L_LGYG
DILLY,DERRY,DGI_L_L_YG
DILLY,DIFFS,DGIGL_L_Y_
DILLY,DILLY,DGIGLGLGYG
DILLY,DINED,DGIGL_L_Y_
DILLY,DOUMS,DGI_L_L_Y_
DILLY,DRAIL,DGIYLYL_Y_
DILLY,DRAYS,DGI_L_L_YY
DILLY,DROIT,DGIYL_L_Y_
DILLY,EBONS,D_I_L_L_Y_
DILLY,ELANS,D_I_LYL_Y_
DILLY,ELPEE,D_I_LYL_Y_
DILLY,EMAIL,D_IYLYL_Y_
DILLY,EMITS,D_IYL_L_Y_
DINED,ACUTE,D_I_N_EYD_
DINED,ADAGE,DYI_N_EYD_
DINED,ADAPT,DYI_N_E_D_
DINED,ADIEU,DYIYN_EGD_
DINED,ADIOS,DYIYN_E_D_
DINED,ADMAN,DYI_NYE_D_
DINED,ADMEN,DYI_NYEGD_
DINED,ADMIN,DYIYNYE_D_
DINED,ADMIT,DYIYN_E_D_
DINED,ADMIX,DYIYN_E_D_
DINED,ADOBE,DYI_N_EYD_
DINED,ADOBO,DYI_N_E_D_
DINED,ABODO,DYI_N_E_D_
DINED,ADDED,DYI_N_EGDG
DINED,ADOPT,DYI_N_E_D_
DINED,ADORE,DYI_N_EYD_
DINED,AXIOM,D_IYN_E_D_
DINED,BAYES,D_I_N_EGD_
DINED,BERRY,D_I_N_EYD_
DINED,BIKED,D_IGN_EGDG
DINED,BLUES,D_I_N_EGD_
DINED,BOGEY,D_I_N_EGD_
DINED,BOINK,D_IYNYE_D_
DINED,CERTS,D_I_N_EYD_
DINED,CHINE,D_IYNYEYD_
DINED,CINES,D_IGNGEGD_
DINED,CIPPI,D_IGN_E_D_
DINED,COMBO,D_I_N_E_D_
DINED,COMET,D_I_N_EGD_
DINED,CONFS,D_I_NGE_D_
DINED,CORMS,D_I_N_E_D_
DINED,COVES,D_I_N_EGD_
DINED,CREDO,DYI_N_EYD_
DINED,CRUMP,D_I_N_E_D_
DINED,CURRY,D_I_N_E_D_
DINED,DAMPY,DGI_N_E_D_
DINED,DEELY,DGI_N_EYD_
DINED,DERRY,DGI_N_EYD_
DINED,DIFFS,DGIGN_E_D_
DINED,DILLY,DGIGN_E_D_
DINED,DINED,DGIGNGEGDG
DINED,DOUMS,DGI_N_E_D_
DINED,DRAIL,DGIYN_E_D_
DINED,DRAYS,DGI_N_E_D_
DINED,DROIT,DGIYN_E_D_
DINED,EBONS,D_I_NYEYD_
DINED,ELANS,D_I_NYEYD_
DINED,ELPEE,D_I_N_EGD_
DINED,EMAIL,D_IYN_EYD_
DINED,EMITS,D_IYN_EYD_
DOUMS,ACUTE,D_O_UGM_S_
DOUMS,ADAGE,DYO_U_M_S_
DOUMS,ADAPT,DYO_U_M_S_
DOUMS,ADIEU,DYO_UYM_S_
DOUMS,ADIOS,DYOYU_M_SG
DOUMS,ADMAN,DYO_U_MYS_
DOUMS,ADMEN,DYO_U_MYS_
DOUMS,ADMIN,DYO_U_MYS_
DOUMS,ADMIT,DYO_U_MYS_
DOUMS,ADMIX,DYO_U_MYS_
DOUMS,ADOBE,DYOYU_M_S_
DOUMS,ADOBO,DYOYU_M_S_
DOUMS,ABODO,DYOYU_M_S_
DOUMS,ADDED,DYO_U_M_S_
DOUMS,ADOPT,DYOYU_M_S_
DOUMS,ADORE,DYOYU_M_S_
DOUMS,AXIOM,D_OYU_MYS_
DOUMS,BAYES,D_O_U_M_SG
DOUMS,BERRY,D_O_U_M_S_
DOUMS,BIKED,DYO_U_M_S_
DOUMS,BLUES,D_O_UGM_SG
DOUMS,BOGEY,D_OGU_M_S_
DOUMS,BOINK,D_OGU_M_S_
DOUMS,CERTS,D_O_U_M_SG
DOUMS,CHINE,D_O_U_M_S_
DOUMS,CINES,D_O_U_M_SG
DOUMS,CIPPI,D_O_U_M_S_
DOUMS,COMBO,D_OGU_MYS_
DOUMS,COMET,D_OGU_MYS_
DOUMS,CONFS,D_OGU_M_SG
DOUMS,CORMS,D_OGU_MGSG
DOUMS,COVES,D_OGU_M_SG
DOUMS,CREDO,DYOYU_M_S_
DOUMS,CRUMP,D_O_UGMGS_
DOUMS,CURRY,D_O_UYM_S_
DOUMS,DAMPY,DGO_U_MYS_
DOUMS,DEELY,DGO_U_M_S_
DOUMS,DERRY,DGO_U_M_S_
DOUMS,DIFFS,DGO_U_M_SG
DOUMS,DILLY,DGO_U_M_S_
DOUMS,DINED,DGO_U_M_S_
DOUMS,DOUMS,DGOGUGMGSG
DOUMS,DRAIL,DGO_U_M_S_
DOUMS,DRAYS,DGO_U_M_SG
DOUMS,DROIT,DGOYU_M_S_
DOUMS,EBONS,D_OYU_M_SG
DOUMS,ELANS,D_O_U_M_SG
DOUMS,ELPEE,D_O_U_M_S_
DOUMS,EMAIL,D_O_U_MYS_
DOUMS,EMITS,D_O_U_MYSG
DRAIL,ACUTE,D_R_AYI_L_
DRAIL,ADAGE,DYR_AGI_L_
DRAIL,ADAPT,DYR_AGI_L_
DRAIL,ADIEU,DYR_AYIYL_
DRAIL,ADIOS,DYR_AYIYL_
DRAIL,ADMAN,DYR_AYI_L_
DRAIL,ADMEN,DYR_AYI_L_
DRAIL,ADMIN,DYR_AYIGL_
DRAIL,ADMIT,DYR_AYIGL_
DRAIL,ADMIX,DYR_AYIGL_
DRAIL,ADOBE,DYR_AYI_L_
DRAIL,ADOBO,DYR_AYI_L_
DRAIL,ABODO,DYR_AYI_L_
DRAIL,ADDED,DYR_AYI_L_
DRAIL,ADOPT,DYR_AYI_L_
DRAIL,ADORE,DYRYAYI_L_
DRAIL,AXIOM,D_R_AYIYL_
DRAIL,BAYES,D_R_AYI_L_
DRAIL,BERRY,D_RYA_I_L_
DRAIL,BIKED,DYR_A_IYL_
DRAIL,BLUES,D_R_A_I_LY
DRAIL,BOGEY,D_R_A_I_L_
DRAIL,BOINK,D_R_A_IYL_
DRAIL,CERTS,D_RYA_I_L_
DRAIL,CHINE,D_R_A_IYL_
DRAIL,CINES,D_R_A_IYL_
DRAIL,CIPPI,D_R_A_IYL_
DRAIL,COMBO,D_R_A_I_L_
DRAIL,COMET,D_R_A_I_L_
DRAIL,CONFS,D_R_A_I_L_
DRAIL,CORMS,D_RYA_I_L_
DRAIL,COVES,D_R_A_I_L_
DRAIL,CREDO,DYRGA_I_L_
DRAIL,CRUMP,D_RGA_I_L_
DRAIL,CURRY,D_RYA_I_L_
DRAIL,DAMPY,DGR_AYI_L_
DRAIL,DEELY,DGR_A_I_LY
DRAIL,DERRY,DGRYA_I_L_
DRAIL,DIFFS,DGR_A_IYL_
DRAIL,DILLY,DGR_A_IYLY
DRAIL,DINED,DGR_A_IYL_
DRAIL,DOUMS,DGR_A_I_L_
DRAIL,DRAIL,DGRGAGIGLG
DRAIL,DRAYS,DGRGAGI_L_
DRAIL,DROIT,DGRGA_IGL_
DRAIL,EBONS,D_R_A_I_L_
DRAIL,ELANS,D_R_AGI_LY
DRAIL,ELPEE,D_R_A_I_LY
DRAIL,EMAIL,D_R_AGIGLG
DRAIL,EMITS,D_R_A_IYL_
DRAYS,ACUTE,D_R_AYY_S_
DRAYS,ADAGE,DYR_AGY_S_
DRAYS,ADAPT,DYR_AGY_S_
DRAYS,ADIEU,DYR_AYY_S_
DRAYS,ADIOS,DYR_AYY_SG
DRAYS,ADMAN,DYR_AYY_S_
DRAYS,ADMEN,DYR_AYY_S_
DRAYS,ADMIN,DYR_AYY_S_
DRAYS,ADMIT,DYR_AYY_S_
DRAYS,ADMIX,DYR_AYY_S_
DRAYS,ADOBE,DYR_AYY_S_
DRAYS,ADOBO,DYR_AYY_S_
DRAYS,ABODO,DYR_AYY_S_
DRAYS,ADDED,DYR_AYY_S_
DRAYS,ADOPT,DYR_AYY_S_
DRAYS,ADORE,DYRYAYY_S_
DRAYS,AXIOM,D_R_AYY_S_
DRAYS,BAYES,D_R_AYYYSG
DRAYS,BERRY,D_RYA_YYS_
DRAYS,BIKED,DYR_A_Y_S_
DRAYS,BLUES,D_R_A_Y_SG
DRAYS,BOGEY,D_R_A_YYS_
DRAYS,BOINK,D_R_A_Y_S_
DRAYS,CERTS,D_RYA_Y_SG
DRAYS,CHINE,D_R_A_Y_S_
DRAYS,CINES,D_R_A_Y_SG
DRAYS,CIPPI,D_R_A_Y_S_
DRAYS,COMBO,D_R_A_Y_S_
DRAYS,COMET,D_R_A_Y_S_
DRAYS,CONFS,D_R_A_Y_SG
DRAYS,CORMS,D_RYA_Y_SG
DRAYS,COVES,D_R_A_Y_SG
DRAYS,CREDO,DYRGA_Y_S_
DRAYS,CRUMP,D_RGA_Y_S_
DRAYS,CURRY,D_RYA_YYS_
DRAYS,DAMPY,DGR_AYYYS_
DRAYS,DEELY,DGR_A_YYS_
DRAYS,DERRY,DGRYA_YYS_
DRAYS,DIFFS,DGR_A_Y_SG
DRAYS,DILLY,DGR_A_YYS_
DRAYS,DINED,DGR_A_Y_S_
DRAYS,DOUMS,DGR_A_Y_SG
DRAYS,DRAIL,DGRGAGY_S_
DRAYS,DRAYS,DGRGAGYGSG
DRAYS,DROIT,DGRGA_Y_S_
DRAYS,EBONS,D_R_A_Y_SG
DRAYS,ELANS,D_R_AGY_SG
DRAYS,ELPEE,D_R_A_Y_S_
DRAYS,EMAIL,D_R_AGY_S_
DRAYS,EMITS,D_R_A_Y_SG
DROIT,ACUTE,D_R_O_I_TY
DROIT,ADAGE,DYR_O_I_T_
DROIT,ADAPT,DYR_O_I_TG
DROIT,ADIEU,DYR_O_IYT_
DROIT,ADIOS,DYR_OYIYT_
DROIT,ADMAN,DYR_O_I_T_
DROIT,ADMEN,DYR_O_I_T_
DROIT,ADMIN,DYR_O_IGT_
DROIT,ADMIT,DYR_O_IGTG
DROIT,ADMIX,DYR_O_IGT_
DROIT,ADOBE,DYR_OGI_T_
DROIT,ADOBO,DYR_OGI_T_
DROIT,ABODO,DYR_OGI_T_
DROIT,ADDED,DYR_O_I_T_
DROIT,ADOPT,DYR_OGI_TG
DROIT,ADORE,DYRYOGI_T_
DROIT,AXIOM,D_R_OYIYT_
DROIT,BAYES,D_R_O_I_T_
DROIT,BERRY,D_RYO_I_T_
DROIT,BIKED,DYR_O_IYT_
DROIT,BLUES,D_R_O_I_T_
DROIT,BOGEY,D_R_OYI_T_
DROIT,BOINK,D_R_OYIYT_
DROIT,CERTS,D_RYO_I_TY
DROIT,CHINE,D_R_O_IYT_
DROIT,CINES,D_R_O_IYT_
DROIT,CIPPI,D_R_O_IYT_
DROIT,COMBO,D_R_OYI_T_
DROIT,COMET,D_R_OYI_TG
DROIT,CONFS,D_R_OYI_T_
DROIT,CORMS,D_RYOYI_T_
DROIT,COVES,D_R_OYI_T_
DROIT,CREDO,DYRGOYI_T_
DROIT,CRUMP,D_RGO_I_T_
DROIT,CURRY,D_RYO_I_T_
DROIT,DAMPY,DGR_O_I_T_
DROIT,DEELY,DGR_O_I_T_
DROIT,DERRY,DGRYO_I_T_
DROIT,DIFFS,DGR_O_IYT_
DROIT,DILLY,DGR_O_IYT_
DROIT,DINED,DGR_O_IYT_
DROIT,DOUMS,DGR_OYI_T_
DROIT,DRAIL,DGRGO_IGT_
DROIT,DRAYS,DGRGO_I_T_
DROIT,DROIT,DGRGOGIGTG
DROIT,EBONS,D_R_OGI_T_
DROIT,ELANS,D_R_O_I_T_
DROIT,ELPEE,D_R_O_I_T_
DROIT,EMAIL,D_R_O_IGT_
DROIT,EMITS,D_R_O_IYTY
EBONS,ACUTE,EYB_O_N_S_
EBONS,ADAGE,EYB_O_N_S_
EBONS,ADAPT,E_B_O_N_S_
EBONS,ADIEU,EYB_O_N_S_
EBONS,ADIOS,E_B_OYN_SG
EBONS,ADMAN,E_B_O_NYS_
EBONS,ADMEN,EYB_O_NYS_
EBONS,ADMIN,E_B_O_NYS_
EBONS,ADMIT,E_B_O_N_S_
EBONS,ADMIX,E_B_O_N_S_
EBONS,ADOBE,EYBYOGN_S_
EBONS,ADOBO,E_BYOGN_S_
EBONS,ABODO,E_BGOGN_S_
EBONS,ADDED,EYB_O_N_S_
EBONS,ADOPT,E_B_OGN_S_
EBONS,ADORE,EYB_OGN_S_
EBONS,AXIOM,E_B_OYN_S_
EBONS,BAYES,EYBYO_N_SG
EBONS,BERRY,EYBYO_N_S_
EBONS,BIKED,EYBYO_N_S_
EBONS,BLUES,EYBYO_N_SG
EBONS,BOGEY,EYBYOYN_S_
EBONS,BOINK,E_BYOYNGS_
EBONS,CERTS,EYB_O_N_SG
EBONS,CHINE,EYB_O_NGS_
EBONS,CINES,EYB_O_NYSG
EBONS,CIPPI,E_B_O_N_S_
EBONS,COMBO,E_BYOYN_S_
EBONS,COMET,EYB_OYN_S_
EBONS,CONFS,E_B_OYNYSG
EBONS,CORMS,E_B_OYN_SG
EBONS,COVES,EYB_OYN_SG
EBONS,CREDO,EYB_OYN_S_
EBONS,CRUMP,E_B_O_N_S_
EBONS,CURRY,E_B_O_N_S_
EBONS,DAMPY,E_B_O_N_S_
EBONS,DEELY,EYB_O_N_S_
EBONS,DERRY,EYB_O_N_S_
EBONS,DIFFS,E_B_O_N_SG
EBONS,DILLY,E_B_O_N_S_
EBONS,DINED,EYB_O_NYS_
EBONS,DOUMS,E_B_OYN_SG
EBONS,DRAIL,E_B_O_N_S_
EBONS,DRAYS,E_B_O_N_SG
EBONS,DROIT,E_B_OGN_S_
EBONS,EBONS,EGBGOGNGSG
EBONS,ELANS,EGB_O_NGSG
EBONS,ELPEE,EGB_O_N_S_
EBONS,EMAIL,EGB_O_N_S_
EBONS,EMITS,EGB_O_N_SG
ELANS,ACUTE,EYL_AYN_S_
ELANS,ADAGE,EYL_AGN_S_
ELANS,ADAPT,E_L_AGN_S_
ELANS,ADIEU,EYL_AYN_S_
ELANS,ADIOS,E_L_AYN_SG
ELANS,ADMAN,E_L_AYNYS_
ELANS,ADMEN,EYL_AYNYS_
ELANS,ADMIN,E_L_AYNYS_
ELANS,ADMIT,E_L_AYN_S_
ELANS,ADMIX,E_L_AYN_S_
ELANS,ADOBE,EYL_AYN_S_
ELANS,ADOBO,E_L_AYN_S_
ELANS,ABODO,E_L_AYN_S_
ELANS,ADDED,EYL_AYN_S_
ELANS,ADOPT,E_L_AYN_S_
ELANS,ADORE,EYL_AYN_S_
ELANS,AXIOM,E_L_AYN_S_
ELANS,BAYES,EYL_AYN_SG
ELANS,BERRY,EYL_A_N_S_
ELANS,BIKED,EYL_A_N_S_
ELANS,BLUES,EYLGA_N_SG
ELANS,BOGEY,EYL_A_N_S_
ELANS,BOINK,E_L_A_NGS_
ELANS,CERTS,EYL_A_N_SG
ELANS,CHINE,EYL_A_NGS_
ELANS,CINES,EYL_A_NYSG
ELANS,CIPPI,E_L_A_N_S_
ELANS,COMBO,E_L_A_N_S_
ELANS,COMET,EYL_A_N_S_
ELANS,CONFS,E_L_A_NYSG
ELANS,CORMS,E_L_A_N_SG
ELANS,COVES,EYL_A_N_SG
ELANS,CREDO,EYL_A_N_S_
ELANS,CRUMP,E_L_A_N_S_
ELANS,CURRY,E_L_A_N_S_
ELANS,DAMPY,E_L_AYN_S_
ELANS,DEELY,EYLYA_N_S_
ELANS,DERRY,EYL_A_N_S_
ELANS,DIFFS,E_L_A_N_SG
ELANS,DILLY,E_LYA_N_S_
ELANS,DINED,EYL_A_NYS_
ELANS,DOUMS,E_L_A_N_SG
ELANS,DRAIL,E_LYAGN_S_
ELANS,DRAYS,E_L_AGN_SG
ELANS,DROIT,E_L_A_N_S_
ELANS,EBONS,EGL_A_NGSG
ELANS,ELANS,EGLGAGNGSG
ELANS,ELPEE,EGLGA_N_S_
ELANS,EMAIL,EGLYAGN_S_
ELANS,EMITS,EGL_A_N_SG
ELPEE,ACUTE,E_L_P_E_EG
ELPEE,ADAGE,E_L_P_E_EG
ELPEE,ADAPT,E_L_PYE_E_
ELPEE,ADIEU,E_L_P_EGE_
ELPEE,ADIOS,E_L_P_E_E_
ELPEE,ADMAN,E_L_P_E_E_
ELPEE,ADMEN,E_L_P_EGE_
ELPEE,ADMIN,E_L_P_E_E_
ELPEE,ADMIT,E_L_P_E_E_
ELPEE,ADMIX,E_L_P_E_E_
ELPEE,ADOBE,E_L_P_E_EG
ELPEE,ADOBO,E_L_P_E_E_
ELPEE,ABODO,E_L_P_E_E_
ELPEE,ADDED,E_L_P_EGE_
ELPEE,ADOPT,E_L_PYE_E_
ELPEE,ADORE,E_L_P_E_EG
ELPEE,AXIOM,E_L_P_E_E_
ELPEE,BAYES,E_L_P_EGE_
ELPEE,BERRY,EYL_P_E_E_
ELPEE,BIKED,E_L_P_EGE_
ELPEE,BLUES,E_LGP_EGE_
ELPEE,BOGEY,E_L_P_EGE_
ELPEE,BOINK,E_L_P_E_E_
ELPEE,CERTS,EYL_P_E_E_
ELPEE,CHINE,E_L_P_E_EG
ELPEE,CINES,E_L_P_EGE_
ELPEE,CIPPI,E_L_PGE_E_
ELPEE,COMBO,E_L_P_E_E_
ELPEE,COMET,E_L_P_EGE_
ELPEE,CONFS,E_L_P_E_E_
ELPEE,CORMS,E_L_P_E_E_
ELPEE,COVES,E_L_P_EGE_
ELPEE,CREDO,EYL_P_E_E_
ELPEE,CRUMP,E_L_PYE_E_
ELPEE,CURRY,E_L_P_E_E_
ELPEE,DAMPY,E_L_PYE_E_
ELPEE,DEELY,EYLYP_EYE_
ELPEE,DERRY,EYL_P_E_E_
ELPEE,DIFFS,E_L_P_E_E_
ELPEE,DILLY,E_LYP_E_E_
ELPEE,DINED,E_L_P_EGE_
ELPEE,DOUMS,E_L_P_E_E_
ELPEE,DRAIL,E_LYP_E_E_
ELPEE,DRAYS,E_L_P_E_E_
ELPEE,DROIT,E_L_P_E_E_
ELPEE,EBONS,EGL_P_E_E_
ELPEE,ELANS,EGLGP_E_E_
ELPEE,ELPEE,EGLGPGEGEG
ELPEE,EMAIL,EGLYP_E_E_
ELPEE,EMITS,EGL_P_E_E_
EMAIL,ACUTE,EYM_AYI_L_
EMAIL,ADAGE,EYM_AGI_L_
EMAIL,ADAPT,E_M_AGI_L_
EMAIL,ADIEU,EYM_AYIYL_
EMAIL,ADIOS,E_M_AYIYL_
EMAIL,ADMAN,E_MYAYI_L_
EMAIL,ADMEN,EYMYAYI_L_
EMAIL,ADMIN,E_MYAYIGL_
EMAIL,ADMIT,E_MYAYIGL_
EMAIL,ADMIX,E_MYAYIGL_
EMAIL,ADOBE,EYM_AYI_L_
EMAIL,ADOBO,E_M_AYI_L_
EMAIL,ABODO,E_M_AYI_L_
EMAIL,ADDED,EYM_AYI_L_
EMAIL,ADOPT,E_M_AYI_L_
EMAIL,ADORE,EYM_AYI_L_
EMAIL,AXIOM,E_MYAYIYL_
EMAIL,BAYES,EYM_AYI_L_
EMAIL,BERRY,EYM_A_I_L_
EMAIL,BIKED,EYM_A_IYL_
EMAIL,BLUES,EYM_A_I_LY
EMAIL,BOGEY,EYM_A_I_L_
EMAIL,BOINK,E_M_A_IYL_
EMAIL,CERTS,EYM_A_I_L_
EMAIL,CHINE,EYM_A_IYL_
EMAIL,CINES,EYM_A_IYL_
EMAIL,CIPPI,E_M_A_IYL_
EMAIL,COMBO,E_MYA_I_L_
EMAIL,COMET,EYMYA_I_L_
EMAIL,CONFS,E_M_A_I_L_
EMAIL,CORMS,E_MYA_I_L_
EMAIL,COVES,EYM_A_I_L_
EMAIL,CREDO,EYM_A_I_L_
EMAIL,CRUMP,E_MYA_I_L_
EMAIL,CURRY,E_M_A_I_L_
EMAIL,DAMPY,E_MYAYI_L_
EMAIL,DEELY,EYM_A_I_LY
EMAIL,DERRY,EYM_A_I_L_
EMAIL,DIFFS,E_M_A_IYL_
EMAIL,DILLY,E_M_A_IYLY
EMAIL,DINED,EYM_A_IYL_
EMAIL,DOUMS,E_MYA_I_L_
EMAIL,DRAIL,E_M_AGIGLG
EMAIL,DRAYS,E_M_AGI_L_
EMAIL,DROIT,E_M_A_IGL_
EMAIL,EBONS,EGM_A_I_L_
EMAIL,ELANS,EGM_AGI_LY
EMAIL,ELPEE,EGM_A_I_LY
EMAIL,EMAIL,EGMGAGIGLG
EMAIL,EMITS,EGMGA_IYL_
EMITS,ACUTE,EYM_I_TGS_
EMITS,ADAGE,EYM_I_T_S_
EMITS,ADAPT,E_M_I_TYS_
EMITS,ADIEU,EYM_IGT_S_
EMITS,ADIOS,E_M_IGT_SG
EMITS,ADMAN,E_MYI_T_S_
EMITS,ADMEN,EYMYI_T_S_
EMITS,ADMIN,E_MYIYT_S_
EMITS,ADMIT,E_MYIYTYS_
EMITS,ADMIX,E_MYIYT_S_
EMITS,ADOBE,EYM_I_T_S_
EMITS,ADOBO,E_M_I_T_S_
EMITS,ABODO,E_M_I_T_S_
EMITS,ADDED,EYM_I_T_S_
EMITS,ADOPT,E_M_I_TYS_
EMITS,ADORE,EYM_I_T_S_
EMITS,AXIOM,E_MYIGT_S_
EMITS,BAYES,EYM_I_T_SG
EMITS,BERRY,EYM_I_T_S_
EMITS,BIKED,EYM_IYT_S_
EMITS,BLUES,EYM_I_T_SG
EMITS,BOGEY,EYM_I_T_S_
EMITS,BOINK,E_M_IGT_S_
EMITS,CERTS,EYM_I_TGSG
EMITS,CHINE,EYM_IGT_S_
EMITS,CINES,EYM_IYT_SG
EMITS,CIPPI,E_M_IYT_S_
EMITS,COMBO,E_MYI_T_S_
EMITS,COMET,EYMYI_TYS_
EMITS,CONFS,E_M_I_T_SG
EMITS,CORMS,E_MYI_T_SG
EMITS,COVES,EYM_I_T_SG
EMITS,CREDO,EYM_I_T_S_
EMITS,CRUMP,E_MYI_T_S_
EMITS,CURRY,E_M_I_T_S_
EMITS,DAMPY,E_MYI_T_S_
EMITS,DEELY,EYM_I_T_S_
EMITS,DERRY,EYM_I_T_S_
EMITS,DIFFS,E_M_IYT_SG
EMITS,DILLY,E_M_IYT_S_
EMITS,DINED,EYM_IYT_S_
EMITS,DOUMS,E_MYI_T_SG
EMITS,DRAIL,E_M_IYT_S_
EMITS,DRAYS,E_M_I_T_SG
EMITS,DROIT,E_M_IYTYS_
EMITS,EBONS,EGM_I_T_SG
EMITS,ELANS,EGM_I_T_SG
EMITS,ELPEE,EGM_I_T_S_
EMITS,EMAIL,EGMGIYT_S_
EMITS,EMITS,EGMGIGTGSG
